time,inserted_nodes,node_count_before,node_count_after,rest_length_before,rest_length_after,rest_length_error,tail_rest_length_before,tail_rest_length_after,payout_buffer_rest_length_before,payout_buffer_rest_length_after,payout_buffer_min_rest_length_after,payout_buffer_max_rest_length_after,minimum_physical_rest_length_after,peak_tension_before,peak_tension_after,peak_tension_jump,minimum_geometric_ratio_after,peak_tension_post_step,peak_tension_post_step_jump,minimum_standard_ratio_post_step,remeshed_in_same_step
0.74225,1,103,104,1.0300008071402476,1.0300008071402476,0.0,0.011250100892530961,0.011250100892530961,0.09000080714024769,0.0843757566939822,0.005625050446265481,0.011250100892530961,0.005625050446265481,7.829664106555681e-05,7.829664106555681e-05,0.0,0.9998924414209128,0.0005036876533384207,0.00042539101227286394,0.9999871905797459,False
0.87325,1,104,105,1.0356281804793377,1.0356281804793377,0.0,0.011953522559917206,0.011953522559917206,0.09000313003307218,0.08367465791942044,0.005976761279958603,0.011953522559917206,0.005625050446265481,0.0,0.0,0.0,0.9997478916156914,0.0,0.0,0.9999845897730203,False
0.99075,1,105,106,1.0419636447164362,1.0419636447164364,2.220446049250313e-16,0.012745455589554552,0.012745455589554552,0.09001012215651924,0.08324142784692327,0.006372727794777276,0.012745455589554552,0.005625050446265481,0.0,0.0,0.0,0.999712419935551,0.0,0.0,0.9999833006129398,False
1.0965,1,106,107,1.0487255679293415,1.0487255679293415,0.0,0.013590695991167684,0.006795347995583842,0.09000335105982832,0.08238941634861922,0.006795347995583842,0.013590695991167684,0.005625050446265481,0.0,0.0,0.0,0.9996870671642736,0.0,0.0,0.9999828344496738,False
1.2005000000000001,1,107,108,1.0563463440725367,1.0563463440725367,0.0,0.00774794501348325,0.00774794501348325,0.09001019249181451,0.0818396272775247,0.007271646504533549,0.014543293009067098,0.005625050446265481,0.0,0.0,0.0,0.999670768268707,0.0,0.0,0.9999827946114006,False
1.3,1,108,109,1.0645107998459882,1.0645107998459882,0.0,0.008768501985164679,0.008768501985164679,0.09000408305097611,0.08081296086500489,0.007781924990374261,0.015563849980748522,0.005625050446265481,0.0,0.0,0.0,0.9996593355285902,0.0,0.0,0.9999829786060649,False
1.4020000000000001,1,109,110,1.0737198710291682,1.0737198710291682,0.0,0.009919635883062177,0.009919635883062177,0.09002203204818492,0.07330704816953887,0.008357491939323024,0.009919635883062177,0.005625050446265481,0.0,0.0,0.0,0.9996543898752013,0.0,0.0,0.9999832906081654,False
1.56875,1,110,111,1.090423085953099,1.0904230859530988,-2.220446049250313e-16,0.012007537748553504,0.006003768874276752,0.09001026309346949,0.07956486928865514,0.006003768874276752,0.012007537748553504,0.005625050446265481,0.0,0.0,0.0,0.9996687064805633,0.0,0.0,0.999983938561845,False
1.665,1,111,112,1.1008611612109047,1.1008611612109045,-2.220446049250313e-16,0.007308528281502484,0.007308528281502484,0.09000294454646111,0.078252791334421,0.006656148577889627,0.012835998646829558,0.005625050446265481,0.0,0.0,0.0,0.9995050090179587,0.0,0.0,0.9999797514454583,False
1.76875,1,112,113,1.112628436161818,1.1126284361618175,-4.440892098500626e-16,0.008779437650366597,0.008779437650366597,0.09002006628533385,0.0762234367554809,0.007153454007846828,0.014306908015693657,0.005625050446265481,0.0,0.0,0.0,0.9995368581692212,0.0,0.0,0.9999811937567155,False
1.88625,1,113,114,1.126422619368328,1.126422619368328,0.0,0.010503710551180394,0.005251855275590197,0.0900176199619913,0.07449671753132456,0.005251855275590197,0.01603118091650745,0.005251855275590197,0.0,0.0,0.0,0.9995640913577272,0.0,0.0,0.9999825607850245,False
2.016,1,114,115,1.1419499999999996,1.1419499999999996,0.0,0.00719277785454915,0.00719277785454915,0.09002409816299632,0.07205199466752998,0.006222316565069693,0.011792253426526523,0.005625050446265481,0.0,0.0,0.0,0.9994583510606289,0.0012652585158682075,0.0012652585158682075,0.9999797075610883,False
2.16575,1,115,116,1.1599200000000003,1.1599200000000003,0.0,0.0094390278545492,0.0094390278545492,0.09002199466753041,0.0769570951799107,0.007019251713263313,0.014038503426526626,0.005625050446265481,0.00020638172680734985,0.00020638172680734985,0.0,0.9995411955077611,0.003964432040094001,0.0037580503132866516,0.9999840074973319,False
2.2745,1,116,117,1.1729700000000005,1.1729700000000005,0.0,0.011070277854549275,0.0055351389272746375,0.09000709517991114,0.07531094569229134,0.0055351389272746375,0.015669753426526687,0.0055351389272746375,0.00046873141053793346,0.00046873141053793346,0.0,0.999551923540886,0.006568131832906238,0.006099400422368305,0.9999854283030725,False
2.3970000000000002,1,117,118,1.1876700000000004,1.1876700000000004,0.0,0.007372638927274562,0.007372638927274562,0.09001094569229111,0.07250369226576492,0.006453888927274679,0.011937316565069817,0.005625050446265481,0.0007779375272800508,0.0007779375272800508,0.0,0.9994757628190051,0.00964411978454241,0.00886618225726236,0.9999844041890872,False
2.543,1,118,119,1.2051900000000009,1.2051900000000009,0.0,0.009562638927274622,0.009562638927274622,0.0900236922657654,0.07734569055250189,0.007063658282534958,0.014127316565069915,0.005625050446265481,0.001127821266809666,0.001127821266809666,0.0,0.999555116880831,0.01313782428169332,0.012010003014883655,0.9999889468575277,False
2.6485,1,119,120,1.2178500000000012,1.217850000000001,-2.220446049250313e-16,0.011145138927274695,0.005572569463637348,0.09000569055250232,0.07574518883923874,0.005572569463637348,0.01570981656506996,0.005572569463637348,0.0013571630123170395,0.0013571630123170395,0.0,0.9995561216067381,0.01543599050087294,0.014078827488555901,0.9999898447599285,False
2.7675,1,120,121,1.2321300000000006,1.232130000000001,4.440892098500626e-16,0.00735756946363727,0.00735756946363727,0.09002518883923849,0.07253037227416902,0.006465069463637387,0.01201138892727481,0.005625050446265481,0.0015708888231636595,0.0015708888231636595,0.0,0.9994786388883872,0.017552990946253656,0.015982102123089998,0.9999883170246413,False
2.91325,1,121,122,1.2496200000000015,1.2496200000000013,-2.220446049250313e-16,0.00954381946363733,0.00954381946363733,0.09002037227416951,0.07740296399163436,0.007098819463637455,0.01419763892727491,0.005625050446265481,0.001779000428962245,0.001779000428962245,0.0,0.9995587577128837,0.019612483329447924,0.01783348290048568,0.999992201690856,False
3.01825,1,122,123,1.262220000000002,1.262220000000002,0.0,0.011118819463637401,0.011118819463637401,0.09000296399163475,0.07581055570909954,0.00511315973181872,0.015772638927274932,0.00511315973181872,0.0019054281989200625,0.0019054281989200625,0.0,0.9995602991556473,0.020825559754910728,0.018920131555990666,0.999992630703801,False
3.1365,1,123,124,1.2764100000000016,1.2764100000000016,0.0,0.012892569463637484,0.012892569463637484,0.09000055570909933,0.07245416678182488,0.0052237847318187735,0.012892569463637484,0.0052237847318187735,0.001973811740654112,0.001973811740654112,0.0,0.999444060097391,0.02149560231826617,0.019521790577612056,0.9999885654112629,False
3.28275,1,124,125,1.2939600000000016,1.2939600000000016,0.0,0.01508631946363758,0.01508631946363758,0.0900041667818251,0.0836835070500063,0.006320659731818822,0.01508631946363758,0.005625050446265481,0.002033909171081853,0.002033909171081853,0.0,0.9994846338196276,0.0220897153177947,0.020055806146712846,0.9999901759180566,False
3.3355,1,125,126,1.300290000000002,1.300290000000002,0.0,0.015877569463637536,0.015877569463637536,0.0900135070500063,0.0829015973181875,0.007492534731818828,0.015877569463637536,0.005625050446265481,0.0020658603114709537,0.0020658603114709537,0.0,0.9994620098302359,0.02221287992215929,0.02014701961068834,0.9999892625927457,False
3.39475,1,126,127,1.3074000000000014,1.3074000000000017,2.220446049250313e-16,0.016766319463637294,0.016766319463637294,0.0900115973181872,0.08091406258636848,0.005380329865909372,0.016766319463637294,0.005380329865909372,0.0020832978598661032,0.0020832978598661032,0.0,0.9995455620966773,0.022436492652383816,0.020353194792517713,0.9999929660855175,False
3.4705,1,127,128,1.316490000000001,1.3164900000000008,-2.220446049250313e-16,0.017902569463636987,0.017902569463636987,0.09000406258636799,0.08488717022045861,0.0051168923659093875,0.017902569463636987,0.0051168923659093875,0.002100158584456794,0.002100158584456794,0.0,0.9994121998522507,0.02263821926896068,0.020538060684503888,0.9999876491734122,False
3.51325,1,128,129,1.3216200000000007,1.3216200000000007,0.0,0.01854381946363681,0.01854381946363681,0.09001717022045824,0.08425902785454889,0.006269079865909412,0.01854381946363681,0.0051168923659093875,0.002115952181725596,0.002115952181725596,0.0,0.9993333208376517,0.022721203983520982,0.020605251801795385,0.9999845559619966,False
3.5612500000000002,1,129,130,1.3273800000000002,1.3273800000000004,2.220446049250313e-16,0.019263819463636613,0.019263819463636613,0.09001902785454845,0.08214119798863917,0.0054393923659094776,0.019263819463636613,0.0051168923659093875,0.0021273152241009447,0.0021273152241009447,0.0,0.999452837490233,0.02284165293979666,0.020714337715695717,0.9999893779514253,False
3.62675,1,130,131,1.3352399999999998,1.3352399999999998,0.0,0.020246319463636347,0.020246319463636347,0.0900011979886386,0.08114086812272929,0.0059306423659095005,0.020246319463636347,0.0051168923659093875,0.0021312930571072497,0.0021312930571072497,0.0,0.9994036709784673,0.022869568201191848,0.0207382751440846,0.999987592577777,False
3.70075,1,131,132,1.344119999999999,1.3441199999999993,2.220446049250313e-16,0.02135631946363604,0.02135631946363604,0.09002086812272858,0.08093928825681918,0.007040642365909452,0.02135631946363604,0.0051168923659093875,0.0021430904981466635,0.0021430904981466635,0.0,0.9994571918081586,0.022671066324300326,0.020527975826153663,0.9999896707313615,False
3.7765,1,132,133,1.353209999999999,1.353209999999999,0.0,0.022492569463635734,0.022492569463635734,0.09002928825681905,0.08492037332386432,0.00510891493295473,0.022492569463635734,0.00510891493295473,0.002148880062796239,0.002148880062796239,0.0,0.9995341455644643,0.023066248339127335,0.020917368276331096,0.9999927491559848,False
3.819,1,133,134,1.358309999999999,1.358309999999999,0.0,0.02313006946363556,0.02313006946363556,0.09002037332386431,0.08427395839090959,0.006225954865909052,0.02313006946363556,0.00510891493295473,0.0021562362570746235,0.0021562362570746235,0.0,0.9993321412324659,0.02303947945207698,0.020883243195002357,0.9999847028634968,False
3.86675,1,134,135,1.3640399999999988,1.3640399999999988,0.0,0.02384631946363536,0.02384631946363536,0.09000395839090947,0.08499301220795474,0.005010946182954739,0.02384631946363536,0.005010946182954739,0.0021611179803496237,0.0021611179803496237,0.0,0.9994494661957742,0.023138692024290683,0.020977574043941058,0.9999896365942766,False
3.9085,1,135,136,1.3690499999999988,1.3690499999999988,0.0,0.02447256946363519,0.02447256946363519,0.09000301220795459,0.08436581602499987,0.005324071182954753,0.02447256946363519,0.005010946182954739,0.0021682590737269938,0.0021682590737269938,0.0,0.9993190511282893,0.023193188836644243,0.021024929762917248,0.9999842687413972,False
3.9555000000000002,1,136,137,1.3746899999999986,1.3746899999999986,0.0,0.025177569463635,0.025177569463635,0.09000581602499977,0.08397674484204504,0.005430946182954779,0.025177569463635,0.005010946182954739,0.002166594972192376,0.002166594972192376,0.0,0.9993640164134941,0.023172082317565554,0.021005487345373178,0.9999859931868261,False
4.00575,1,137,138,1.3807199999999984,1.3807199999999984,0.0,0.025931319463634795,0.025931319463634795,0.09000674484204485,0.08322392365909015,0.00580782118295479,0.025931319463634795,0.005010946182954739,0.0021699904401527538,0.0021699904401527538,0.0,0.9993803821661996,0.023196156036993702,0.021026165596840948,0.9999867051790141,False
4.06225,1,138,139,1.387499999999998,1.387499999999998,0.0,0.02677881946363456,0.02677881946363456,0.09000392365908966,0.08297172747613488,0.0066553211829548185,0.02677881946363456,0.005010946182954739,0.0021755173576423967,0.0021755173576423967,0.0,0.999425081353703,0.02312055607109971,0.020945038713457313,0.9999884862947815,False
4.121,1,139,140,1.3945499999999975,1.3945499999999973,-2.220446049250313e-16,0.027660069463634317,0.027660069463634317,0.09002172747613431,0.08210828129317951,0.005377977432954412,0.027660069463634317,0.005010946182954739,0.0021748949652726324,0.0021748949652726324,0.0,0.9994935434664485,0.02324139009693573,0.021066495131663098,0.9999911065909882,False
4.187,1,140,141,1.4024699999999966,1.4024699999999966,0.0,0.028650069463634045,0.028650069463634045,0.0900282812931788,0.08150171011022403,0.005872977432954354,0.028650069463634045,0.005010946182954739,0.0021783527254230334,0.0021783527254230334,0.0,0.9993986871273763,0.023261402079438293,0.02108304935401526,0.9999875554213928,False
4.258,1,141,142,1.4109899999999964,1.4109899999999964,0.0,0.029715069463633764,0.029715069463633764,0.09002171011022361,0.08043013892726894,0.005493289932954345,0.029715069463633764,0.005010946182954739,0.002179176185195347,0.002179176185195347,0.0,0.9994490865355515,0.023258185020841322,0.021079008835645976,0.9999895714661842,False
4.33775,1,142,143,1.4205599999999958,1.4205599999999958,0.0,0.030911319463633433,0.030911319463633433,0.09000013892726838,0.08137091149431397,0.006091414932954275,0.030911319463633433,0.005010946182954739,0.0021822739441412836,0.0021822739441412836,0.0,0.9994283177006014,0.023277135697425705,0.02109486175328442,0.9999888726414936,False
4.40975,1,143,144,1.4291999999999954,1.4291999999999954,0.0,0.03199131946363314,0.01599565973181657,0.09001091149431348,0.08030168406135918,0.007171414932954317,0.01599565973181657,0.005010946182954739,0.002189636610693585,0.002189636610693585,0.0,0.9994676223608873,0.023223176430100616,0.021033539819407032,0.999990335347291,False
4.49075,1,144,145,1.4389199999999938,1.4389199999999938,0.0,0.017210659731816232,0.017210659731816232,0.09002168406135784,0.08480707034488078,0.005214613716477065,0.017210659731816232,0.005010946182954739,0.002186988920823732,0.002186988920823732,0.0,0.9995463628833947,0.023484903525008035,0.021297914604184304,0.9999935106937592,False
4.53425,1,145,146,1.4441399999999933,1.4441399999999933,0.0,0.017863159731816066,0.017863159731816066,0.09002707034488017,0.08415995662840306,0.005540863716477033,0.017863159731816066,0.005010946182954739,0.00219410267935374,0.00219410267935374,0.0,0.9993462950975515,0.023502597754038814,0.021308495074685074,0.9999854449952923,False
4.583,1,146,147,1.4499899999999926,1.4499899999999926,0.0,0.018594409731815868,0.018594409731815868,0.09000995662840239,0.08373784291192533,0.005184144966477072,0.018594409731815868,0.005010946182954739,0.0021984362121727575,0.0021984362121727575,0.0,0.9993892449019794,0.02354781669392983,0.021349380481757073,0.9999871237844793,False
4.63525,1,147,148,1.456259999999992,1.456259999999992,0.0,0.019378159731815652,0.019378159731815652,0.09000784291192472,0.08295197919544763,0.005576019966477027,0.019378159731815652,0.005010946182954739,0.0021966873132250025,0.0021966873132250025,0.0,0.9993576105469609,0.02352459779494943,0.02132791048172443,0.9999859655839639,False
4.694,1,148,149,1.4633099999999915,1.4633099999999915,0.0,0.02025940973181541,0.02025940973181541,0.09000197919544706,0.08315283422896992,0.005717582466476965,0.02025940973181541,0.005010946182954739,0.0021983077463021516,0.0021983077463021516,0.0,0.9994072184848125,0.023535026263138584,0.021336718516836432,0.9999879490519263,False
4.75125,1,149,150,1.4701799999999912,1.470179999999991,-2.220446049250313e-16,0.021118159731815172,0.021118159731815172,0.09002283422896949,0.08231493926249234,0.006146957466476915,0.021118159731815172,0.005010946182954739,0.002202229131395039,0.002202229131395039,0.0,0.9994182577920673,0.023547553867160828,0.021345324735765787,0.9999884673638303,False
4.8155,1,150,151,1.4778899999999904,1.4778899999999906,2.220446049250313e-16,0.022081909731814914,0.022081909731814914,0.09002493926249194,0.08174516929601487,0.007110707466476957,0.022081909731814914,0.005010946182954739,0.002201528061350574,0.002201528061350574,0.0,0.9994629192228556,0.0232339080635484,0.021032380002197825,0.9999901550362674,False
4.8845,1,151,152,1.4861699999999896,1.4861699999999896,0.0,0.02311690973181463,0.02311690973181463,0.09002516929601406,0.08071039932953711,0.006037977432953669,0.02311690973181463,0.005010946182954739,0.002203989450502419,0.002203989450502419,0.0,0.9995325787050081,0.023557986119303258,0.021353996668800838,0.9999929252048158,False
4.962,1,152,153,1.4954699999999885,1.4954699999999888,2.220446049250313e-16,0.02427940973181431,0.02427940973181431,0.0900103993295362,0.08027281686305937,0.006619227432953601,0.02427940973181431,0.005010946182954739,0.002208422932982733,0.002208422932982733,0.0,0.9994698613078248,0.023579953565880447,0.021371530632897713,0.9999906336089487,False
5.0432500000000005,1,153,154,1.505219999999988,1.505219999999988,0.0,0.025498159731813973,0.025498159731813973,0.0900228168630586,0.08454465062982025,0.0054781662332383406,0.025498159731813973,0.005010946182954739,0.0022075007411466127,0.0022075007411466127,0.0,0.9995140164899161,0.02362900098714166,0.021421500245995047,0.9999924537926996,False
5.08875,1,154,155,1.5106799999999874,1.5106799999999874,0.0,0.026180659731813796,0.026180659731813796,0.09000465062981969,0.0838439843965813,0.005604728733238298,0.026180659731813796,0.005010946182954739,0.002213776278050568,0.002213776278050568,0.0,0.999378070422046,0.023644320215924747,0.021430543937874177,0.9999867674467112,False
5.14025,1,155,156,1.516859999999987,1.5168599999999868,-2.220446049250313e-16,0.026953159731813583,0.026953159731813583,0.09002398439658071,0.08364675566334238,0.005990978733238253,0.026953159731813583,0.005010946182954739,0.002216208608751523,0.002216208608751523,0.0,0.9993995849827885,0.023662645504854585,0.021446436896103063,0.9999876069727623,False
5.19325,1,156,157,1.5232199999999865,1.5232199999999865,0.0,0.027748159731813365,0.027748159731813365,0.09000675566334188,0.08283452693010353,0.0053346137164767046,0.027748159731813365,0.005010946182954739,0.002221235137087697,0.002221235137087697,0.0,0.9994365219421515,0.02372876376393931,0.021507528626851614,0.9999891337963827,False
5.253,1,157,158,1.530389999999986,1.530389999999986,0.0,0.028644409731813123,0.028644409731813123,0.09000452693010313,0.08232229819686482,0.005782738716476655,0.028644409731813123,0.005010946182954739,0.0022173970377635153,0.0022173970377635153,0.0,0.999385383036007,0.023667893522195862,0.021450496484432348,0.999987218271401,False
5.317,1,158,159,1.5380699999999856,1.5380699999999856,0.0,0.029604409731812862,0.029604409731812862,0.0900022981968644,0.08136006946362617,0.005972113716476591,0.029604409731812862,0.005010946182954739,0.002221088350005483,0.002221088350005483,0.0,0.9994329990039,0.023690702857833507,0.021469614507828024,0.9999891407601675,False
5.389,1,159,160,1.5467099999999852,1.5467099999999852,0.0,0.030684409731812568,0.030684409731812568,0.09000006946362585,0.0817292057471491,0.00651211371647653,0.030684409731812568,0.005010946182954739,0.002224184628913476,0.002224184628913476,0.0,0.9994584843982156,0.023703338130234522,0.021479153501321045,0.9999902210833758,False
5.458,1,160,161,1.5549899999999846,1.5549899999999846,0.0,0.03171940973181229,0.015859704865906144,0.09000920574714853,0.08070334203067192,0.0075471137164765684,0.015859704865906144,0.005010946182954739,0.0022243974425019647,0.0022243974425019647,0.0,0.9994948632604413,0.023675482028319837,0.021451084585817872,0.9999916055170053,False
5.5355,1,161,162,1.5642899999999833,1.5642899999999833,0.0,0.017022204865905822,0.017022204865905822,0.09000334203067052,0.08499322267243228,0.005010119358238238,0.017022204865905822,0.005010119358238238,0.00222708510619483,0.00222708510619483,0.0,0.9995638161752766,0.023902578647797698,0.021675493541602867,0.9999943744014549,False
5.57725,1,162,163,1.5692999999999824,1.5692999999999824,0.0,0.017648454865905643,0.017648454865905643,0.09000322267243156,0.0843668533141933,0.005323244358238199,0.017648454865905643,0.005010119358238238,0.0022358622938979515,0.0022358622938979515,0.0,0.9993192888979712,0.02394169231166575,0.021705830017767797,0.999984610190508,False
5.62425,1,163,164,1.574939999999982,1.574939999999982,0.0,0.01835345486590546,0.01835345486590546,0.09000685331419273,0.08397860895595449,0.0052904318582381715,0.01835345486590546,0.005010119358238238,0.0022355948869278376,0.0022355948869278376,0.0,0.9993642733892879,0.023943573857862298,0.02170797897093446,0.9999863456631947,False
5.6745,1,164,165,1.5809699999999811,1.5809699999999813,2.220446049250313e-16,0.019107204865905256,0.019107204865905256,0.09000860895595392,0.08322661459771566,0.005667306858238129,0.019107204865905256,0.005010119358238238,0.002235500546846444,0.002235500546846444,0.0,0.9993660488236806,0.02392898826288449,0.021693487716038046,0.9999864748298691,False
5.731,1,165,166,1.5877499999999807,1.5877499999999807,0.0,0.01995470486590502,0.01995470486590502,0.09000661459771508,0.08311493273947687,0.005821056858238069,0.01995470486590502,0.005010119358238238,0.0022378469241076293,0.0022378469241076293,0.0,0.9994127491224593,0.023950969093400505,0.021713122169292876,0.9999883545330848,False
5.7885,1,166,167,1.5946499999999801,1.5946499999999801,0.0,0.020817204865904788,0.020817204865904788,0.09001493273947647,0.08226075088123821,0.006252306858238021,0.020817204865904788,0.005010119358238238,0.0022403196535506803,0.0022403196535506803,0.0,0.9994279636218079,0.023955435994540905,0.021715116340990225,0.9999890300186157,False
5.853,1,167,168,1.6023899999999802,1.6023899999999802,0.0,0.02178470486590452,0.02178470486590452,0.09000075088123771,0.08165594402299955,0.007219806858238054,0.02178470486590452,0.005010119358238238,0.002242721772876481,0.002242721772876481,0.0,0.9994714160901489,0.023775111991487744,0.021532390218611263,0.999990728877417,False
5.92275,1,168,169,1.610759999999979,1.610759999999979,0.0,0.022830954865904234,0.022830954865904234,0.09002594402299868,0.08063488716476065,0.00596930121647607,0.022830954865904234,0.005010119358238238,0.002242132839285711,0.002242132839285711,0.0,0.9995397428122124,0.023973310675151932,0.02173117783586622,0.9999933949967283,False
6.001,1,169,170,1.620149999999978,1.620149999999978,0.0,0.02400470486590391,0.02400470486590391,0.09002488716475972,0.08015383030652182,0.0065561762164760016,0.02400470486590391,0.005010119358238238,0.0022452616891932096,0.0022452616891932096,0.0,0.999465695034862,0.023988123064072962,0.021742861374879754,0.9999906648607064,False
6.0832500000000005,1,170,171,1.6300199999999774,1.6300199999999774,0.0,0.025238454865903575,0.025238454865903575,0.09002383030652109,0.08447142687740221,0.005552403429118883,0.025238454865903575,0.005010119358238238,0.0022484276025153045,0.0022484276025153045,0.0,0.9995111553223679,0.02405664853071716,0.021808220928201855,0.9999925465722668,False
6.1295,1,171,172,1.6355699999999769,1.6355699999999769,0.0,0.025932204865903394,0.025932204865903394,0.09002142687740164,0.08377527344828273,0.005683653429118839,0.025932204865903394,0.005010119358238238,0.002251548411006322,0.002251548411006322,0.0,0.9993869245679251,0.02402697891716054,0.021775430506154218,0.9999872864094962,False
6.1815,1,172,173,1.641809999999976,1.641809999999976,0.0,0.026712204865903175,0.026712204865903175,0.09001527344828208,0.08355162001916322,0.006073653429118792,0.026712204865903175,0.005010119358238238,0.0022544240918647134,0.0022544240918647134,0.0,0.9994079538235641,0.02406126688173681,0.021806842789872098,0.9999881160306746,False
6.23525,1,173,174,1.6482599999999756,1.6482599999999756,0.0,0.027518454865902955,0.027518454865902955,0.09000162001916272,0.08273171659004383,0.0053284006082379085,0.027518454865902955,0.005010119358238238,0.0022556686978703524,0.0022556686978703524,0.0,0.9994445412724045,0.024076453196958336,0.021820784499087982,0.99998960620733,False
6.296,1,174,175,1.6555499999999752,1.6555499999999752,0.0,0.028429704865902714,0.028429704865902714,0.09002171659004347,0.08223056316092461,0.00578402560823786,0.028429704865902714,0.005010119358238238,0.002258339638943095,0.002258339638943095,0.0,0.9993864705182104,0.024096955137593495,0.0218386154986504,0.9999874623045707,False
6.36075,1,175,176,1.6633199999999748,1.6633199999999748,0.0,0.029400954865902437,0.029400954865902437,0.09000056316092406,0.08123815973180532,0.00597621310823779,0.029400954865902437,0.005010119358238238,0.0022628106807893677,0.0022628106807893677,0.0,0.9994342816289349,0.02413255327355085,0.021869742592761483,0.999989397473883,False
6.434,1,176,177,1.6721099999999742,1.6721099999999745,2.220446049250313e-16,0.030499704865902148,0.030499704865902148,0.09002815973180506,0.08171850912356711,0.006525588108237732,0.030499704865902148,0.005010119358238238,0.0022629489406762703,0.0022629489406762703,0.0,0.9994604647830143,0.024120110103318923,0.021857161162642653,0.9999904917196818,False
6.50325,1,177,178,1.6804199999999738,1.6804199999999738,0.0,0.03153845486590186,0.01576922743295093,0.09002850912356647,0.08068010851532864,0.007564338108237762,0.01576922743295093,0.005010119358238238,0.002265970484048597,0.002265970484048597,0.0,0.9994962484504012,0.02417564585505596,0.02190967537100736,0.999991906141141,False
6.581,1,178,179,1.6897499999999726,1.6897499999999726,0.0,0.01693547743295061,0.01693547743295061,0.09001010851532729,0.08498059571120845,0.005029512804118835,0.01693547743295061,0.005010119358238238,0.002268718274162132,0.002268718274162132,0.0,0.9995651002810877,0.024335413183994126,0.022066694909831992,0.9999940738607667,False
6.623,1,179,180,1.6947899999999718,1.6947899999999718,0.0,0.01756547743295045,0.01756547743295045,0.09002059571120785,0.08436108290708898,0.005344512804118804,0.01756547743295045,0.005010119358238238,0.0022756568372705645,0.0022756568372705645,0.0,0.9993223172719629,0.024361699416117814,0.022086042578847248,0.9999849235105549,False
6.67,1,180,181,1.7004299999999712,1.700429999999971,-2.220446049250313e-16,0.018270477432950252,0.018270477432950252,0.09000108290708829,0.08395157010296947,0.005307481554118774,0.018270477432950252,0.005010119358238238,0.0022750744224971473,0.0022750744224971473,0.0,0.999366745309263,0.024349145521304114,0.022074071098806967,0.9999866311161997,False
6.7205,1,181,182,1.7064899999999703,1.7064899999999703,0.0,0.01902797743295004,0.01902797743295004,0.09001157010296883,0.08320455729884998,0.005686231554118727,0.01902797743295004,0.005010119358238238,0.002279699303636214,0.002279699303636214,0.0,0.9993684821906184,0.02439391026533993,0.022114210961703715,0.9999867866818812,False
6.77725,1,182,183,1.71329999999997,1.71329999999997,0.0,0.019879227432949807,0.019879227432949807,0.09001455729884947,0.08309832574473064,0.005837169054118666,0.019879227432949807,0.005010119358238238,0.0022801114497679647,0.0022801114497679647,0.0,0.999415036011018,0.02439625109780264,0.022116139648034678,0.9999886512871945,False
6.835,1,183,184,1.7202299999999697,1.7202299999999697,0.0,0.020745477432949577,0.020745477432949577,0.09002832574473027,0.0822458441906114,0.006270294054118619,0.020745477432949577,0.005010119358238238,0.0022840416479875344,0.0022840416479875344,0.0,0.9994299104946344,0.0244193870438573,0.022135345395869765,0.9999893222440103,False
6.89975,1,184,185,1.7279999999999691,1.7279999999999691,0.0,0.021716727432949313,0.021716727432949313,0.09001584419061093,0.08164086263649217,0.007241544054118657,0.021716727432949313,0.005010119358238238,0.0022849172388789405,0.0022849172388789405,0.0,0.9994732480030619,0.024286526432343004,0.022001609193464063,0.9999910343467274,False
6.9695,1,185,186,1.7363699999999682,1.7363699999999682,0.0,0.022762977432949028,0.022762977432949028,0.09001086263649127,0.08058963108237265,0.005952306858237269,0.022762977432949028,0.005010119358238238,0.0022868809830923578,0.0022868809830923578,0.0,0.999541203127853,0.024439347848261385,0.022152466865169026,0.9999936702289303,False
7.048,1,186,187,1.7457899999999673,1.7457899999999673,0.0,0.023940477432948706,0.023940477432948706,0.09000963108237173,0.08011121202825322,0.006541056858237202,0.023940477432948706,0.005010119358238238,0.00228895480034451,0.00228895480034451,0.0,0.9994648985734694,0.02444929238602917,0.022160337585684663,0.9999908509832679,False
7.1305000000000005,1,187,188,1.7556899999999667,1.7556899999999667,0.0,0.025177977432948362,0.025177977432948362,0.09001121202825244,0.08444325250119325,0.005567959527059182,0.025177977432948362,0.005010119358238238,0.0022934310685013897,0.0022934310685013897,0.0,0.9995106482767684,0.024515573742534755,0.022222142674033364,0.999992744748334,False
7.1770000000000005,1,188,189,1.761269999999966,1.761269999999966,0.0,0.02587547743294817,0.02587547743294817,0.09002325250119263,0.08375779297413341,0.005700147027059132,0.02587547743294817,0.005010119358238238,0.0022992348156488326,0.0022992348156488326,0.0,0.9993890865269754,0.02452065054605166,0.022221415730402826,0.9999876051721232,False
7.22925,1,189,190,1.7675399999999653,1.7675399999999653,0.0,0.026659227432947956,0.026659227432947956,0.0900277929741328,0.08354389594707365,0.006092022027059087,0.026659227432947956,0.005010119358238238,0.0023031470122911184,0.0023031470122911184,0.0,0.9994100810029327,0.024562389574225494,0.022259242561934376,0.9999884361473277,False
7.28325,1,190,191,1.774019999999965,1.7740199999999648,-2.220446049250313e-16,0.02746922743294774,0.02746922743294774,0.09002389594707319,0.08272999892001398,0.005329278429118506,0.02746922743294774,0.005010119358238238,0.00230376054080237,0.00230376054080237,0.0,0.9994465979898958,0.02456228748469376,0.02225852694389139,0.9999899158769624,False
7.344,1,191,192,1.7813099999999644,1.7813099999999644,0.0,0.028380477432947485,0.028380477432947485,0.09001999892001351,0.08220672689295437,0.005784903429118452,0.028380477432947485,0.005010119358238238,0.0023065308683587623,0.0023065308683587623,0.0,0.9993867986532189,0.024587539334967927,0.022281008466609166,0.9999877076080903,False
7.409,1,192,193,1.7891099999999638,1.789109999999964,2.220446049250313e-16,0.029355477432947225,0.029355477432947225,0.09000672689295396,0.0812184548658949,0.005978028429118387,0.029355477432947225,0.005010119358238238,0.002307737347994868,0.002307737347994868,0.0,0.9994349000267589,0.024597139410528095,0.02228940206253323,0.999989641147761,False
7.4822500000000005,1,193,194,1.7978999999999636,1.7978999999999636,0.0,0.030454227432946922,0.030454227432946922,0.09000845486589455,0.08169417643677601,0.0065274034291183235,0.030454227432946922,0.005010119358238238,0.0023106043677084327,0.0023106043677084327,0.0,0.9994608427364912,0.024614500463422576,0.02230389609571414,0.9999907400826965,False
7.5515,1,194,195,1.806209999999963,1.806209999999963,0.0,0.03149297743294664,0.01574648871647332,0.09000417643677547,0.08065114800765705,0.007566153429118367,0.01574648871647332,0.005010119358238238,0.002314315177790916,0.002314315177790916,0.0,0.9994966125956204,0.024706456844563227,0.022392141666772312,0.9999921794897783,False
7.6295,1,195,196,1.8155699999999617,1.8155699999999617,0.0,0.016916488716473006,0.016916488716473006,0.09001114800765571,0.08497744629309656,0.005033701714559141,0.016916488716473006,0.005010119358238238,0.0023165836395067974,0.0023165836395067974,0.0,0.9995656226952193,0.024820289530364394,0.022503705890857595,0.9999937342378291,False
7.6715,1,196,197,1.820609999999961,1.8206099999999608,-2.220446049250313e-16,0.01754648871647283,0.01754648871647283,0.09001744629309588,0.08435374457853671,0.005348701714559104,0.01754648871647283,0.005010119358238238,0.0023203585577058605,0.0023203585577058605,0.0,0.9993230501266201,0.024814818679640256,0.022494460121934394,0.9999851674772522,False
7.71875,1,197,198,1.8262799999999604,1.8262799999999602,-2.220446049250313e-16,0.018255238716472638,0.018255238716472638,0.09002374457853606,0.08396629286397693,0.00531213921455907,0.018255238716472638,0.005010119358238238,0.00232490294385632,0.00232490294385632,0.0,0.9993678391559208,0.02485036070549843,0.02252545776164211,0.9999869112499208,False
7.76925,1,198,199,1.83233999999996,1.83233999999996,0.0,0.019012738716472424,0.019012738716472424,0.09002629286397629,0.08321134114941714,0.0056908892145590235,0.019012738716472424,0.005010119358238238,0.0023259033586525155,0.0023259033586525155,0.0,0.99936920566943,0.02486942227745898,0.022543518918806467,0.9999870405777209,False
7.8260000000000005,1,199,200,1.8391499999999592,1.8391499999999592,0.0,0.019863988716472193,0.019863988716472193,0.09002134114941661,0.08310045193485749,0.005841826714558965,0.019863988716472193,0.005010119358238238,0.002326833202558477,0.002326833202558477,0.0,0.9994156930959966,0.024869213882079716,0.02254238067952124,0.9999889009771704,False
7.8835,1,200,201,1.846049999999959,1.846049999999959,0.0,0.02072648871647196,0.02072648871647196,0.09000045193485709,0.08221706272029794,0.006273076714558917,0.02072648871647196,0.005010119358238238,0.002328752349766757,0.002328752349766757,0.0,0.9994302108710679,0.024878095009373113,0.022549342659606356,0.9999895511277277,False
7.9485,1,201,202,1.8538499999999583,1.8538499999999583,0.0,0.0217014887164717,0.0217014887164717,0.0900170627202975,0.08163742350573845,0.00724807671455896,0.0217014887164717,0.005010119358238238,0.0023320413626693563,0.0023320413626693563,0.0,0.9994739672008679,0.02480889961993632,0.022476858257266964,0.9999913061134111,False
8.01825,1,202,203,1.8622199999999576,1.8622199999999576,0.0,0.0227477387164714,0.0227477387164714,0.09000742350573773,0.08058153429117877,0.00594849717911788,0.0227477387164714,0.005010119358238238,0.0023383172439408162,0.0023383172439408162,0.0,0.9995418294601155,0.024962398230281905,0.02262408098634109,0.9999936166524719,False
8.09675,1,203,204,1.8716399999999576,1.8716399999999576,0.0,0.02392523871647108,0.02392523871647108,0.09000153429117877,0.08009845757661975,0.006537247179117902,0.02392523871647108,0.005010119358238238,0.002340227755796653,0.002340227755796653,0.0,0.9994648608591955,0.02497345921931021,0.022633231463513558,0.9999910981558191,False
8.1795,1,204,205,1.8815699999999578,1.8815699999999578,0.0,0.02516648871647075,0.02516648871647075,0.09002845757661983,0.0844562942193403,0.005572163357279537,0.02516648871647075,0.005010119358238238,0.0023445310892256203,0.0023445310892256203,0.0,0.9995108985927451,0.02503235033837928,0.02268781924915366,0.9999930007532067,False
8.22575,1,205,206,1.8871199999999577,1.8871199999999577,0.0,0.02586023871647057,0.02586023871647057,0.09000629421934037,0.08374038086206079,0.005703413357279546,0.02586023871647057,0.005010119358238238,0.0023539914480378305,0.0023539914480378305,0.0,0.9993894049198346,0.025077020796047473,0.02272302934800964,0.9999878838089273,False
8.278,1,206,207,1.8933899999999575,1.8933899999999575,0.0,0.026643988716470342,0.026643988716470342,0.09001038086206065,0.08352321750478109,0.006095288357279554,0.026643988716470342,0.005010119358238238,0.002352275690152194,0.002352275690152194,0.0,0.9994106288937789,0.025065076713116266,0.022712801022964073,0.9999886984486088,False
8.332,1,207,208,1.8998699999999578,1.8998699999999578,0.0,0.027453988716470125,0.027453988716470125,0.09000321750478113,0.08270605414750154,0.005327373589559034,0.027453988716470125,0.005010119358238238,0.0023578176291205164,0.0023578176291205164,0.0,0.9994471346648448,0.0251114982115327,0.022753680582412183,0.9999901991466367,False
8.393,1,208,209,1.9071899999999575,1.9071899999999575,0.0,0.028368988716469874,0.028368988716469874,0.09002605414750152,0.0822057657902219,0.005784873589559051,0.028368988716469874,0.005010119358238238,0.0023587571678886704,0.0023587571678886704,0.0,0.9993872431196884,0.025121541750196368,0.022762784582307696,0.9999879797963002,False
8.458,1,209,210,1.9149899999999576,1.9149899999999576,0.0,0.0293439887164696,0.0293439887164696,0.09000576579022182,0.08121047743294217,0.005977998589559054,0.0293439887164696,0.005010119358238238,0.002359523273118647,0.002359523273118647,0.0,0.9994351548972467,0.025116206817688468,0.02275668354456982,0.9999898986187433,False
8.53125,1,210,211,1.9237799999999574,1.9237799999999576,2.220446049250313e-16,0.030442738716469298,0.030442738716469298,0.09000047743294215,0.081684353843383,0.006527373589559074,0.030442738716469298,0.005010119358238238,0.0023628890023799413,0.0023628890023799413,0.0,0.9994610999746879,0.025143230541794813,0.022780341539414873,0.9999910018967365,False
8.60075,1,211,212,1.9321199999999576,1.9321199999999576,0.0,0.031485238716469036,0.015742619358234518,0.09002435384338317,0.08066573025382398,0.0075698735895591346,0.015742619358234518,0.005010119358238238,0.002369494363518187,0.002369494363518187,0.0,0.999497140264512,0.02529310767704715,0.022923613313528962,0.9999924844153383,False
8.67875,1,212,213,1.9414799999999572,1.9414799999999572,0.0,0.01691261935823419,0.01691261935823419,0.09002573025382352,0.08499016845904392,0.005035561794779608,0.01691261935823419,0.005010119358238238,0.0023706254392416083,0.0023706254392416083,0.0,0.999566081364303,0.025365368163929383,0.022994742724687774,0.9999934170171406,False
8.7205,1,213,214,1.9464899999999572,1.9464899999999572,0.0,0.017538869358234024,0.017538869358234024,0.09000016845904377,0.08433835666426412,0.005348686794779622,0.017538869358234024,0.005010119358238238,0.0023733824112482666,0.0023733824112482666,0.0,0.9993230852247867,0.02533695754118191,0.02296357512993364,0.9999854189874797,False
8.76775,1,214,215,1.952159999999957,1.952159999999957,0.0,0.01824761935823383,0.01824761935823383,0.0900083566642639,0.08395091986948426,0.005312124294779623,0.01824761935823383,0.005010119358238238,0.002382621551843894,0.002382621551843894,0.0,0.9993681256609203,0.025435161481787396,0.0230525399299435,0.9999872020801287,False
8.81825,1,215,216,1.9582199999999563,1.9582199999999563,0.0,0.019005119358233617,0.019005119358233617,0.09001091986948397,0.08319598307470429,0.005690874294779634,0.019005119358233617,0.005010119358238238,0.0023760220182772935,0.0023760220182772935,0.0,0.9993694539403535,0.025365170341643463,0.022989148323366168,0.999987287626292,False
8.875,1,216,217,1.9650299999999563,1.965029999999956,-2.220446049250313e-16,0.019856369358233372,0.019856369358233372,0.09000598307470392,0.08308510877992425,0.005841811794779634,0.019856369358233372,0.005010119358238238,0.0023843216681860243,0.0023843216681860243,0.0,0.9994159782074536,0.025442200684540374,0.02305787901635435,0.9999891856951789,False
8.93275,1,217,218,1.971959999999956,1.971959999999956,0.0,0.020722619358233142,0.020722619358233142,0.09001510877992402,0.08222798448514432,0.006274936794779654,0.020722619358233142,0.005010119358238238,0.00238504196753472,0.00238504196753472,0.0,0.9994308150380468,0.02543938825322327,0.02305434628568855,0.9999898420966956,False
8.99775,1,218,219,1.9797599999999556,1.9797599999999556,0.0,0.02169761935823287,0.02169761935823287,0.09002798448514396,0.08164461019036423,0.007249936794779683,0.02169761935823287,0.005010119358238238,0.002390462708927239,0.002390462708927239,0.0,0.9994743960456345,0.02541982309170158,0.023029360382774342,0.9999916118229761,False
9.0675,1,219,220,1.9881299999999555,1.9881299999999555,0.0,0.022743869358232596,0.022743869358232596,0.09001461019036433,0.08058498589558455,0.005947529839558243,0.022743869358232596,0.005010119358238238,0.002393657833264435,0.002393657833264435,0.0,0.9995422098956924,0.025527083085205283,0.02313342525194085,0.9999933101565937,False
9.146,1,220,221,1.9975499999999557,1.9975499999999557,0.0,0.023921369358232275,0.023921369358232275,0.09000498589558453,0.08009817410080475,0.006536279839558266,0.023921369358232275,0.005010119358238238,0.0023956434749113275,0.0023956434749113275,0.0,0.9994650619287774,0.025537110319966333,0.023141466845055005,0.9999913747470085,False
9.22875,1,221,222,2.0074799999999557,2.0074799999999557,0.0,0.025162619358231948,0.025162619358231948,0.09002817410080483,0.08445414320341489,0.005574030897389929,0.025162619358231948,0.005010119358238238,0.0023980500631354726,0.0023980500631354726,0.0,0.9995111021975566,0.02556691547887461,0.023168865415739138,0.9999932643327398,False
9.275,1,222,223,2.0130299999999557,2.0130299999999557,0.0,0.02585636935823174,0.02585636935823174,0.09000414320341474,0.0837363623060248,0.005704343397389924,0.02585636935823174,0.005010119358238238,0.002407117390891396,0.002407117390891396,0.0,0.9993898554015862,0.025618270427133,0.023211153036241605,0.9999881615394051,False
9.32725,1,223,224,2.019299999999956,2.019299999999956,0.0,0.02664011935823154,0.02664011935823154,0.09000636230602489,0.08351826890863492,0.006096218397389944,0.02664011935823154,0.005010119358238238,0.002404717209681747,0.002404717209681747,0.0,0.9994109768560197,0.025588177111025595,0.023183459901343847,0.999988963882585,False
9.3815,1,224,225,2.025809999999956,2.0258099999999555,-4.440892098500626e-16,0.02745386935823131,0.02745386935823131,0.09002826890863488,0.0827264255112449,0.005328764919779211,0.02745386935823131,0.005010119358238238,0.0024131176118760986,0.0024131176118760986,0.0,0.9994477926691959,0.025674548984625838,0.02326143137274974,0.999990494734103,False
9.44225,1,225,226,2.0330999999999557,2.0330999999999557,0.0,0.02836511935823107,0.02836511935823107,0.09001642551124495,0.08219520711385495,0.005784389919779232,0.02836511935823107,0.005010119358238238,0.002411922346961701,0.002411922346961701,0.0,0.9993872713568056,0.025655813788969188,0.02324389144200749,0.9999882373846447,False
9.5075,1,226,227,2.0409299999999555,2.0409299999999555,0.0,0.029343869358230787,0.029343869358230787,0.09002520711385481,0.08122523871646478,0.005979389919779232,0.029343869358230787,0.005010119358238238,0.002420435807671974,0.002420435807671974,0.0,0.999435736922906,0.0257271724592566,0.023306736651584628,0.9999902134173224,False
9.58075,1,227,228,2.0497199999999554,2.0497199999999554,0.0,0.030442619358230484,0.030442619358230484,0.09001523871646475,0.08169772379668543,0.006528764919779251,0.030442619358230484,0.005010119358238238,0.0024222982553188397,0.0024222982553188397,0.0,0.9994615039809795,0.025741033993238592,0.023318735737919753,0.9999913033391955,False
9.65,1,228,229,2.0580299999999556,2.058029999999955,-4.440892098500626e-16,0.031481369358230205,0.015740684679115102,0.09000772379668545,0.08065145887690608,0.007567514919779294,0.015740684679115102,0.005010119358238238,0.0024218592038100254,0.0024218592038100254,0.0,0.9994972393481223,0.02583589673555094,0.023414037531740914,0.9999927511376567,False
9.728,1,229,230,2.067389999999955,2.067389999999955,0.0,0.0169106846791148,0.0169106846791148,0.09001145887690586,0.08497613891701616,0.005035319959889698,0.0169106846791148,0.005010119358238238,0.002426129724523016,0.002426129724523016,0.0,0.9995662364411697,0.02592334867976816,0.023497218955245144,0.9999931583513711,False
9.77,1,230,231,2.072429999999955,2.072429999999955,0.0,0.017540684679114626,0.017540684679114626,0.09001613891701593,0.08435081895712622,0.005350319959889709,0.017540684679114626,0.005010119358238238,0.0024361351348161516,0.0024361351348161516,0.0,0.9993238252389472,0.025963338204391125,0.023527203069574974,0.9999857478078008,False
9.81725,1,231,232,2.0780999999999548,2.0780999999999548,0.0,0.018249434679114433,0.018249434679114433,0.09002081895712599,0.08396174899723625,0.005312819959889712,0.018249434679114433,0.005010119358238238,0.002439618000036031,0.002439618000036031,0.0,0.9993685835101704,0.026019158450304447,0.023579540450268416,0.9999875002398212,False
9.867750000000001,1,232,233,2.0841599999999545,2.0841599999999545,0.0,0.01900693467911422,0.01900693467911422,0.09002174899723596,0.0832051790373462,0.005691569959889723,0.01900693467911422,0.005010119358238238,0.0024402307906684095,0.0024402307906684095,0.0,0.9993698481891439,0.02600050767247061,0.0235602768818022,0.9999876073108882,False
9.9245,1,233,234,2.0909699999999543,2.0909699999999543,0.0,0.019858184679113974,0.019858184679113974,0.09001517903734584,0.08309360907745608,0.005842507459889723,0.019858184679113974,0.005010119358238238,0.0024473335884899476,0.0024473335884899476,0.0,0.9994163556097725,0.026081899349122868,0.02363456576063292,0.9999895065981917,False
9.98225,1,234,235,2.097899999999954,2.097899999999954,0.0,0.020724434679113744,0.020724434679113744,0.09002360907745585,0.08223578911756606,0.006275632459889742,0.020724434679113744,0.005010119358238238,0.0024506814160172702,0.0024506814160172702,0.0,0.9994312025390586,0.02609848748085531,0.02364780606483804,0.9999901724005337,False
10.047,1,235,236,2.1056699999999537,2.1056699999999537,0.0,0.02169568467911348,0.02169568467911348,0.09000578911756577,0.08162546915767595,0.00724688245988978,0.02169568467911348,0.005010119358238238,0.0024527052512021137,0.0024527052512021137,0.0,0.9994744788999697,0.02606930353381577,0.023616598282613657,0.9999919244372625,False
10.117,1,236,237,2.1140699999999537,2.1140699999999537,0.0,0.0227456846791132,0.0227456846791132,0.09002546915767597,0.0805951491977861,0.005948921169778392,0.0227456846791132,0.005010119358238238,0.0024498965843227924,0.0024498965843227924,0.0,0.9995425288497963,0.02609062193265767,0.02364072534833488,0.9999930583642669,False
10.195500000000001,1,237,238,2.1234899999999537,2.1234899999999537,0.0,0.023923184679112877,0.023923184679112877,0.0900151491977861,0.08010764173789621,0.0065376711697784145,0.023923184679112877,0.005010119358238238,0.0024536565723132873,0.0024536565723132873,0.0,0.9994654571160355,0.0261207103551011,0.023667053782787814,0.9999916692329203,False
10.278,1,238,239,2.1333899999999533,2.1333899999999537,4.440892098500626e-16,0.025160684679112533,0.025160684679112533,0.09000764173789615,0.08443513800795119,0.005572503729944964,0.025160684679112533,0.005010119358238238,0.0024598014837627006,0.0024598014837627006,0.0,0.9995112572979409,0.02618436713447683,0.023724565650714128,0.999993032038034,False
10.3245,1,239,240,2.1389699999999534,2.1389699999999534,0.0,0.025858184679112342,0.025858184679112342,0.09001513800795118,0.08374513427800617,0.005704691229944968,0.025858184679112342,0.005010119358238238,0.002462034829281906,0.002462034829281906,0.0,0.9993903501371065,0.026167942611048316,0.02370590778176641,0.9999884455917748,False
10.37675,1,240,241,2.1452399999999536,2.145239999999954,4.440892098500626e-16,0.02664193467911214,0.02664193467911214,0.09001513427800625,0.08352669304806126,0.006096566229944989,0.02664193467911214,0.005010119358238238,0.0024658387474996465,0.0024658387474996465,0.0,0.9994113145003303,0.02618975006809983,0.023723911320600182,0.9999892663637159,False
10.43075,1,241,242,2.151719999999954,2.151719999999954,0.0,0.027451934679111924,0.027451934679111924,0.09000669304806129,0.08270825181811625,0.00532758558488929,0.027451934679111924,0.005010119358238238,0.002465993081696875,0.002465993081696875,0.0,0.999447778142793,0.02619854512311609,0.023732552041419216,0.9999907468513134,False
10.49175,1,242,243,2.159039999999954,2.159039999999954,0.0,0.028366934679111673,0.028366934679111673,0.09002825181811623,0.08220668558817118,0.005785085584889307,0.028366934679111673,0.005010119358238238,0.0024720455408225235,0.0024720455408225235,0.0,0.999387828472225,0.026248641282533264,0.02377659574171074,0.999988543555431,False
10.556750000000001,1,243,244,2.166839999999954,2.1668399999999535,-4.440892098500626e-16,0.0293419346791114,0.0293419346791114,0.09000668558817111,0.08121011935822602,0.00597821058488931,0.0293419346791114,0.005010119358238238,0.002480580509577874,0.002480580509577874,0.0,0.9994357755422892,0.026338927126537647,0.023858346616959774,0.9999905085581694,False
10.63,1,244,245,2.1756299999999538,2.1756299999999538,0.0,0.030440684679111096,0.030440684679111096,0.090000119358226,0.0816837837733366,0.0065275855848893295,0.030440684679111096,0.005010119358238238,0.002483346154816908,0.002483346154816908,0.0,0.9994617156516846,0.02635924647712364,0.023875900322306732,0.9999916079753698,False
10.6995,1,245,246,2.183969999999954,2.183969999999954,0.0,0.03148318467911081,0.015741592339555403,0.09002378377333654,0.08066494818844712,0.007570085584889364,0.015741592339555403,0.005010119358238238,0.0024857472077609746,0.0024857472077609746,0.0,0.9994977326322061,0.026478155776830107,0.023992408569069132,0.9999929307351,False
10.7775,1,246,247,2.1933299999999534,2.1933299999999534,0.0,0.016911592339555102,0.016911592339555102,0.09002494818844689,0.08498928039600215,0.0050356677924447354,0.016911592339555102,0.005010119358238238,0.0024899746575911806,0.0024899746575911806,0.0,0.9995666856838245,0.026556480530188987,0.024066505872597805,0.9999929168712596,False
10.8195,1,247,248,2.198369999999953,2.1983699999999535,4.440892098500626e-16,0.017541592339554928,0.017541592339554928,0.09002928039600194,0.08436361260355718,0.005350667792444746,0.017541592339554928,0.005010119358238238,0.0025045855700302332,0.0025045855700302332,0.0,0.9993242092319828,0.026656232240122542,0.024151646670092307,0.9999860952262517,False
10.8665,1,248,249,2.204009999999953,2.2040099999999527,-4.440892098500626e-16,0.018246592339554717,0.018246592339554717,0.09000361260355681,0.08394794481111206,0.005312230292444738,0.018246592339554717,0.005010119358238238,0.002492973298345118,0.002492973298345118,0.0,0.9993684881659041,0.02655302291404077,0.02406004961569565,0.9999877543942665,False
10.917,1,249,250,2.210069999999953,2.210069999999953,0.0,0.01900409233955453,0.01900409233955453,0.09000794481111196,0.08319477701866716,0.005690980292444762,0.01900409233955453,0.005010119358238238,0.0025083483228868554,0.0025083483228868554,0.0,0.9993701256197779,0.026689661076616994,0.024181312753730137,0.9999879487747155,False
10.97375,1,250,251,2.2168799999999527,2.2168799999999527,0.0,0.019855342339554286,0.019855342339554286,0.0900047770186668,0.08308379672622199,0.005841917792444763,0.019855342339554286,0.005010119358238238,0.0025037598104779104,0.0025037598104779104,0.0,0.999416582662941,0.02665738525008269,0.024153625439604778,0.9999897920176298,False
11.0315,1,251,252,2.2238099999999523,2.2238099999999523,0.0,0.020721592339554055,0.020721592339554055,0.09001379672622177,0.08222656643377692,0.006275042792444782,0.020721592339554055,0.005010119358238238,0.0025116780298964528,0.0025116780298964528,0.0,0.99943145494318,0.02672417509141127,0.024212497061514817,0.9999904823293567,False
11.0965,1,252,253,2.231609999999952,2.231609999999952,0.0,0.02169659233955378,0.02169659233955378,0.09002656643377654,0.0816430861413317,0.007250042792444812,0.02169659233955378,0.005010119358238238,0.0025091825355690353,0.0025091825355690353,0.0,0.9994749942504441,0.026652624533107162,0.024143441997538127,0.9999922230719323,False
11.16625,1,253,254,2.239979999999952,2.239979999999952,0.0,0.02274284233955351,0.02274284233955351,0.0900130861413318,0.08058335584888689,0.005947273084888472,0.02274284233955351,0.005010119358238238,0.0025146638723290344,0.0025146638723290344,0.0,0.9995428184307639,0.026729850628031952,0.024215186755702917,0.999992848300397,False
11.24475,1,254,255,2.249399999999952,2.249399999999952,0.0,0.02392034233955319,0.02392034233955319,0.09000335584888688,0.08009643805644195,0.006536023084888494,0.02392034233955319,0.005010119358238238,0.0025189549745484115,0.0025189549745484115,0.0,0.999465655808101,0.026770611068241815,0.024251656093693404,0.9999919885790666,False
11.3275,1,255,256,2.259329999999952,2.259329999999952,0.0,0.025161592339552834,0.025161592339552834,0.09002643805644182,0.08445235416021935,0.00557408389622248,0.025161592339552834,0.005010119358238238,0.002523584420940577,0.002523584420940577,0.0,0.9995117103509092,0.026825175337065566,0.02430159091612499,0.9999928244015771,False
11.37375,1,256,257,2.264879999999952,2.264879999999952,0.0,0.025855342339552653,0.025855342339552653,0.0900023541602194,0.08373452026399689,0.005704396396222488,0.025855342339552653,0.005010119358238238,0.0025252918340957042,0.0025252918340957042,0.0,0.9993904509395978,0.026787313737337535,0.02426202190324183,0.9999887481349171,False
11.426,1,257,258,2.2711499999999516,2.2711499999999516,0.0,0.026639092339552424,0.026639092339552424,0.09000452026399677,0.08351637386777426,0.006096271396222495,0.026639092339552424,0.005010119358238238,0.002538327421854823,0.002538327421854823,0.0,0.9994116493001989,0.02691310377207172,0.024374776350216898,0.9999896270099028,False
11.48025,1,258,259,2.277659999999952,2.277659999999952,0.0,0.027452842339552225,0.027452842339552225,0.09002637386777443,0.08272447747155187,0.005328636542444325,0.027452842339552225,0.005010119358238238,0.0025327531362945746,0.0025327531362945746,0.0,0.9994483940161225,0.026852850871707405,0.02432009773541283,0.9999910851770254,False
11.541,1,259,260,2.284949999999952,2.284949999999952,0.0,0.028364092339551956,0.028364092339551956,0.09001447747155172,0.08219320607532915,0.005784261542444333,0.028364092339551956,0.005010119358238238,0.0025453652036993043,0.0025453652036993043,0.0,0.9993879242486228,0.02698036985058222,0.024435004646882915,0.9999888986806175,False
11.606250000000001,1,260,261,2.2927799999999516,2.2927799999999516,0.0,0.0293428423395517,0.0293428423395517,0.09002320607532924,0.08122318467910662,0.005979261542444346,0.0293428423395517,0.005010119358238238,0.0025401617997833333,0.0025401617997833333,0.0,0.9994363217492129,0.026935081394942426,0.024394919595159093,0.9999908161288222,False
11.6795,1,261,262,2.301569999999952,2.301569999999952,0.0,0.030441592339551397,0.030441592339551397,0.0900131846791066,0.08169579813666217,0.0065286365424443655,0.030441592339551397,0.005010119358238238,0.002543562137773446,0.002543562137773446,0.0,0.9994620972589378,0.026959232202088082,0.024415670064314637,0.9999919107647062,False
11.74875,1,262,263,2.3098799999999517,2.3098799999999517,0.0,0.03148034233955112,0.01574017116977556,0.09000579813666218,0.08064966159421771,0.0075673865424444086,0.01574017116977556,0.005010119358238238,0.002555655926498556,0.002555655926498556,0.0,0.9994978975234887,0.02718649238874974,0.024630836462251185,0.9999927320753287,False
11.82675,1,263,264,2.3192399999999513,2.3192399999999513,0.0,0.01691017116977523,0.01691017116977523,0.09000966159421728,0.08497440582299502,0.005035255771222249,0.01691017116977523,0.005010119358238238,0.0025577026244742985,0.0025577026244742985,0.0,0.9995668854274259,0.027234804716657752,0.024677102092183455,0.9999927179316837,False
11.86875,1,264,265,2.324279999999951,2.324279999999951,0.0,0.017540171169775055,0.017540171169775055,0.0900144058229948,0.08434915005177253,0.00535025577122226,0.017540171169775055,0.005010119358238238,0.0025675366431011162,0.0025675366431011162,0.0,0.9993244732470892,0.027299528381357442,0.024731991738256326,0.9999864151720214,False
11.916,1,265,266,2.329949999999951,2.329949999999951,0.0,0.018248921169774862,0.018248921169774862,0.0900191500517723,0.08396014428055001,0.005312755771222256,0.018248921169774862,0.005010119358238238,0.002555845289090482,0.002555845289090482,0.0,0.9993691572151309,0.02716900551261365,0.024613160223523167,0.9999880767814713,False
11.9665,1,266,267,2.336009999999951,2.336009999999951,0.0,0.019006421169774676,0.019006421169774676,0.09002014428054994,0.0832036385093276,0.00569150577122228,0.019006421169774676,0.005010119358238238,0.0025724197593640077,0.0025724197593640077,0.0,0.9993705006668331,0.027346953827555268,0.02477453406819126,0.9999882793380519,False
