case_id,v_A,h_A,v_out_ratio,v_out,peak_tail_tension,tail_tension_p95,peak_active_tension,peak_tension_time,peak_tension_segment_index,steady_tail_tension_mean,filtered_peak_tail_tension,filtered_peak_active_tension,tension_filter_window_s,max_filtered_tension_step_N,max_insertion_tension_jump_N,minimum_inserted_rest_length_ratio,min_bend_radius,min_bend_radius_outlet,min_bend_radius_tdp,min_bend_radius_free,low_load_bend_radius_reference,mean_layback,final_layback,mean_suspended_length,first_land_time,first_land_x,max_penetration,max_slack_ratio,max_length_conservation_error,min_standard_segment_ratio,max_axial_strain,min_axial_strain,max_outlet_direction_error_deg,insertion_event_count,remesh_event_count,tension_safe,break_safe,bend_safe,penetration_safe,mesh_safe,insertion_rest_length_safe,insertion_smooth,reported_curve_smooth,curve_smooth,numerically_converged,classification,error
VA_0p10_H_0p30_R_0p90,0.1,0.3,0.9,0.09000000000000001,0.001982852591985121,1.875978460234677e-05,0.002093987776426646,2.871,37,1.3041300682205518e-05,2.0871312724505326e-05,8.887505604816367e-05,0.5,1.5729874357275897e-07,0.0,0.5031456274446896,0.05921163994933578,0.05921163994933578,0.3303475133620306,0.11041304583693926,0.0052,0.92,1.1,1.1479977571152995,,,0.0,1.0,1.021405182655144e-13,0.9999433430634495,2.2222267111350057e-06,-5.66569365505505e-05,0.0,131,0,True,True,True,True,True,True,True,True,True,True,warning_high_slack,
VA_0p10_H_0p30_R_1p00,0.1,0.3,1.0,0.1,0.0018528457130285482,0.0,0.0023373859899869587,2.678,36,7.561749529302279e-06,1.653905290618304e-05,7.890819014855333e-05,0.5,1.4124487803208812e-07,0.0,0.5038427427314376,0.05995756011262896,0.05995756011262896,0.33440731447878447,0.10531270876657906,0.0052,0.92,1.1,1.239997462537841,,,0.0,1.0,5.662137425588298e-13,0.9999371158745708,2.478161705017095e-06,-6.288412542921041e-05,0.0,146,0,True,True,True,True,True,True,True,True,True,True,warning_high_slack,
VA_0p10_H_0p30_R_1p05,0.1,0.3,1.05,0.10500000000000001,0.001820276444908505,0.0,0.0024529862807584927,2.598,36,9.295392217516721e-06,1.6467830767231643e-05,7.369967753745535e-05,0.5,1.320588325490058e-07,0.0,0.5038197102900385,0.0598594872499715,0.0598594872499715,0.34488132039424185,0.10188433765646875,0.0052,0.92,1.1,1.2859973196490098,,,0.0,1.0,9.36584143573782e-13,0.9999339781932918,2.5995613220803637e-06,-6.602180670818521e-05,0.0,154,0,True,True,True,True,True,True,True,True,True,True,warning_high_slack,
VA_0p10_H_0p30_R_1p10,0.1,0.3,1.1,0.11000000000000001,0.0017872000579914858,0.0,0.0025660925052716213,3.101,45,8.767429102694852e-06,1.6402437783142965e-05,6.86840021174439e-05,0.5,1.224122003837128e-07,0.0,0.5039147047706088,0.05944097369142777,0.05944097369142777,0.3594686364282099,0.09883319006767796,0.0052,0.92,1.1,1.3319971759428797,,,0.0,1.0,5.484501741648273e-13,0.9999308297037379,2.7149147470486886e-06,-6.917029626209754e-05,0.0,161,0,True,True,True,True,True,True,True,True,True,True,warning_high_slack,
VA_0p10_H_0p30_R_1p20,0.1,0.3,1.2,0.12,0.0016887273498060879,0.0,0.0028683449089187524,7.97875,131,7.729655306919461e-06,1.6332799543961785e-05,5.848834415306699e-05,0.5,1.0149399033930722e-07,0.0,0.503969224011811,0.0585572583379472,0.0585572583379472,0.3992801587493992,0.0931948507564157,0.0052,0.92,1.1,1.4239968718531262,,,0.0,1.0,1.2467804566540508e-12,0.9999245816447095,2.930215291792518e-06,-7.541835529046166e-05,0.0,177,0,True,True,True,True,True,True,True,True,True,True,warning_high_slack,
VA_0p10_H_0p50_R_0p90,0.1,0.5,0.9,0.09000000000000001,0.001969147207895516,4.4901588511517265e-05,0.0020717613199094723,10.92675,167,1.9267127899296203e-05,0.0001662418769941931,0.00029890787205342107,0.5,4.0532413703788265e-07,0.0,0.5073138172751973,0.06187546588502192,0.06187546588502192,1.2291081167049396,0.12424023388177889,0.0052,0.92,1.1,1.347997764360566,,,0.0,1.0,9.370282327836321e-14,0.9999445734373961,2.146004777867146e-06,-5.542656260398175e-05,0.0,132,0,True,True,True,True,True,True,True,True,True,True,warning_high_slack,
VA_0p10_H_0p50_R_1p00,0.1,0.5,1.0,0.1,0.001816696354436164,1.0608594315088954e-05,0.0022926659081126326,11.952,189,7.674010086785328e-06,0.0001416199153499007,0.0002767617337389818,0.5,4.4972456996036827e-07,0.0,0.5073687497649348,0.061656304352337835,0.061656304352337835,1.2290722674153967,0.11466522719245292,0.0052,0.92,1.1,1.4399974820347587,,,0.0,1.0,5.719869022868806e-13,0.9999383678126086,2.410989561726988e-06,-6.163218739142605e-05,0.0,147,0,True,True,True,True,True,True,True,True,True,True,warning_high_slack,
VA_0p10_H_0p50_R_1p05,0.1,0.5,1.05,0.10500000000000001,0.002338051882676998,1.0631801273779627e-05,0.0026185761499619986,10.888250000000001,178,9.215090349887652e-06,0.0001272599918522719,0.00026485977813340894,0.5,4.636959760745678e-07,0.0,0.5016398287623851,0.060082205404764624,0.060082205404764624,1.229054380661241,0.1087785923229853,0.0052,0.92,1.1,1.485997331594957,,,0.0,1.0,9.36140054363932e-13,0.9999335536547062,2.6762833601910236e-06,-6.644634529384054e-05,0.0,152,0,True,True,True,True,True,True,True,True,True,True,warning_high_slack,
VA_0p10_H_0p50_R_1p10,0.1,0.5,1.1,0.11000000000000001,0.0022906654065441446,0.0,0.0027479018162992136,11.5835,195,8.577055117988364e-06,0.00011359334050229823,0.00025247384895356133,0.5,4.6923212928612823e-07,0.0,0.5014955035979517,0.05959321418234619,0.05959321418234619,1.1728819467657554,0.10541594973249832,0.0052,0.92,1.1,1.5319971815766265,,,0.0,1.0,5.258016244624741e-13,0.9999303982014183,2.808081416375685e-06,-6.960179858174245e-05,0.0,159,0,True,True,True,True,True,True,True,True,True,True,warning_high_slack,
VA_0p10_H_0p50_R_1p20,0.1,0.5,1.2,0.12,0.002185480216140668,0.0,0.0029930894974323817,8.603250000000001,161,7.678131856374357e-06,8.543638531387406e-05,0.00022703119135986162,0.5,4.6254047702612715e-07,0.0,0.5016288668388027,0.0586329853330673,0.0586329853330673,1.0374837600901567,0.09730975257895709,0.0052,0.92,1.1,1.6239968570296417,,,0.0,1.0,1.2474465904688259e-12,0.9999241153924853,3.057197586517294e-06,-7.588460751474961e-05,0.0,174,0,True,True,True,True,True,True,True,True,True,True,warning_high_slack,
VA_0p10_H_1p00_R_0p90,0.1,1.0,0.9,0.09000000000000001,0.00241131783467333,7.161910272148017e-05,0.0025710926474386327,11.81275,226,4.595794714138246e-05,0.0002576247717586689,0.00048525687438234094,0.5,1.015861781527124e-06,0.0,0.5015862619491556,0.05537450235917925,0.05537450235917925,3.923683431099529,0.11727996767020696,0.0052,0.92,1.1,1.847997786876924,,,0.0,1.0,1.0080825063596421e-13,0.9999430690947313,2.3338633324694085e-06,-5.6930905268651496e-05,0.0,129,0,True,True,True,True,True,True,True,True,True,True,warning_high_slack,
VA_0p10_H_1p00_R_1p00,0.1,1.0,1.0,0.1,0.002338050834771715,2.1553897456049256e-05,0.00251021496801697,10.12375,211,9.959474883046043e-06,0.0002148462844878718,0.0004485046123424563,0.5,1.0017992897112533e-06,0.0,0.5015403301507346,0.055374502370187,0.055374502370187,3.923633077875872,0.10742276793184517,0.0052,0.92,1.1,1.9399975043406026,,,0.0,1.0,5.60440582830779e-13,0.9999367077958434,2.607451959509609e-06,-6.329220415661252e-05,0.0,144,0,True,True,True,True,True,True,True,True,True,True,warning_high_slack,
VA_0p10_H_1p00_R_1p05,0.1,1.0,1.05,0.10500000000000001,0.0023193147971631075,1.108996389280123e-05,0.0026260931924764618,10.888250000000001,228,9.474695111161344e-06,0.0001978955410993072,0.00042774799697978207,0.5,9.855667849764877e-07,0.0,0.5016398287623851,0.05537450237569271,0.05537450237569271,3.923608206690865,0.10375457183859417,0.0052,0.92,1.1,1.9859973545718945,,,0.0,1.0,9.36140054363932e-13,0.9999335668291451,2.6854032120433985e-06,-6.64331708549135e-05,0.0,152,0,True,True,True,True,True,True,True,True,True,True,warning_high_slack,
VA_0p10_H_1p00_R_1p10,0.1,1.0,1.1,0.11000000000000001,0.002285085586981355,0.0,0.002754221819627969,11.5835,245,8.783339627740726e-06,0.0001682210382088427,0.00040828171828905316,0.5,9.556315842026823e-07,0.0,0.5014955035979517,0.055374502381196906,0.055374502381196906,3.923583680913619,0.10068795401851778,0.0052,0.92,1.1,2.031997202120168,,,0.0,1.0,5.262457136723242e-13,0.9999304200814348,2.8157127996863274e-06,-6.957991856512188e-05,0.0,159,0,True,True,True,True,True,True,True,True,True,True,warning_high_slack,
VA_0p10_H_1p00_R_1p20,0.1,1.0,1.2,0.12,0.002178682761757429,0.0,0.002989199322856689,8.603250000000001,211,7.55514641019833e-06,0.00012705552522213707,0.00036496862557728677,0.5,8.846883910326134e-07,0.0,0.5016288668388027,0.05537450239220775,0.05537450239220775,3.9235339676125798,0.09426288605632738,0.0052,0.92,1.1,2.123996852881531,,,0.0,1.0,1.2474465904688259e-12,0.9999241207864105,3.052765388794642e-06,-7.587921358956494e-05,0.0,174,0,True,True,True,True,True,True,True,True,True,True,warning_high_slack,
VA_0p20_H_0p30_R_0p90,0.2,0.3,0.9,0.18000000000000002,0.005103107297103782,0.0011884396245251186,0.008026192725451393,11.7715,288,0.000707756892324697,0.001528178443232219,0.0015910646709443328,0.5,2.7466566275362835e-07,0.0,0.5038815286958865,0.038744233180339094,0.038744233180339094,0.37289935742686336,0.10334780816019562,0.0052,1.84,2.2,1.9759957633010468,,,0.0,1.0,1.2079226507921703e-13,0.9998870687267462,7.931429561460374e-06,-0.00011293127325380095,0.0,272,0,True,True,True,True,True,True,True,True,True,True,warning_high_slack,
VA_0p20_H_0p30_R_1p00,0.2,0.3,1.0,0.2,0.0028864730976264144,8.288403306978137e-05,0.0053415506705981495,10.974,296,3.7556252547109565e-05,1.682422529263791e-05,4.446033966845133e-05,0.5,6.99602009103078e-08,0.0,0.5039881623154858,0.04661668387241084,0.04661668387241084,0.3631786596367407,0.09496315412856894,0.0052,1.84,2.2,2.1599948913224845,,,0.0,1.0,1.0302869668521453e-12,0.9998744753313712,5.489358427765484e-06,-0.0001255246686287878,0.0,303,0,True,True,True,True,True,True,True,True,True,True,warning_high_slack,
VA_0p20_H_0p30_R_1p05,0.2,0.3,1.05,0.21000000000000002,0.002826746294813602,7.369440723774934e-05,0.005643050459692173,9.4975,266,3.914955271470577e-05,1.7291350454865395e-05,4.419069011380985e-05,0.5,6.710882308534713e-08,0.0,0.5037762067289426,0.046847346272631436,0.046847346272631436,0.3922225384896093,0.09147970970345543,0.0052,1.84,2.2,2.251994564330773,,,0.0,1.0,1.8109957977685553e-12,0.9998682360713083,5.799209423360938e-06,-0.00013176392869171063,0.0,318,0,True,True,True,True,True,True,True,True,True,True,warning_high_slack,
VA_0p20_H_0p30_R_1p10,0.2,0.3,1.1,0.22000000000000003,0.00246985763575,6.397637056946431e-05,0.005952496350945691,2.41,56,3.8859802887574596e-05,1.7650091861872257e-05,4.3902783158406074e-05,0.5,9.428303782169848e-08,0.0,0.5039967798395822,0.04712528176789751,0.04712528176789751,0.42778285204506183,0.0883596406384437,0.0052,1.84,2.2,2.3439941902895995,,,0.0,1.0,9.268141809570807e-13,0.9998624412666356,6.106079168758891e-06,-0.0001375587333643678,0.0,334,0,True,True,True,True,True,True,True,True,True,True,warning_high_slack,
VA_0p20_H_0p30_R_1p20,0.2,0.3,1.2,0.24,0.0023041396019725796,4.8143716642953804e-06,0.006532410434375896,2.2925,56,2.6479137732195252e-05,1.8325824488704518e-05,4.335352743603407e-05,0.5,5.49702042433096e-08,0.0,0.5038864387382286,0.048186660246797755,0.048186660246797755,0.5049069314215837,0.08285999396751362,0.0052,1.84,2.2,2.527993234192656,,,0.0,1.0,2.353672812205332e-12,0.9998510208675628,6.672163898863565e-06,-0.00014897913243718894,0.0,365,0,True,True,True,True,True,True,True,True,True,True,warning_high_slack,
VA_0p20_H_0p50_R_0p90,0.2,0.5,0.9,0.18000000000000002,0.0035288406234744996,0.0003944981370098376,0.0074111881772487105,10.555250000000001,277,0.00031238115957556275,0.0003892249296805761,0.00043757379006522,0.5,3.75006061019683e-07,0.0,0.5038815286958865,0.044073006574603446,0.044073006574603446,1.2289655569653237,0.11537660478297902,0.0052,1.84,2.2,2.1759956227465884,,,0.0,1.0,1.2079226507921703e-13,0.999887237821546,6.9513313754114656e-06,-0.00011276217845401308,0.0,272,0,True,True,True,True,True,True,True,True,True,True,warning_high_slack,
VA_0p20_H_0p50_R_1p00,0.2,0.5,1.0,0.2,0.0028150246154676345,0.00013729666747243254,0.005347564735053871,10.72625,310,4.331756592671776e-05,2.624004117143827e-05,0.00011643898895185526,0.5,2.491329597194915e-07,0.0,0.5074560809719534,0.04712395174153154,0.04712395174153154,1.2288931272507724,0.10229313773461886,0.0052,1.84,2.2,2.359994913605509,,,0.0,1.0,1.0325074129013956e-12,0.9998770059034988,5.496850366186596e-06,-0.00012299409650119627,0.0,304,0,True,True,True,True,True,True,True,True,True,True,warning_high_slack,
VA_0p20_H_0p50_R_1p05,0.2,0.5,1.05,0.21000000000000002,0.0027794166280611862,0.00012077180276631738,0.005649534915175327,4.753,145,3.978395705971398e-05,2.5848864974636168e-05,8.821612450030206e-05,0.5,1.7875440761542215e-07,0.0,0.507547851861053,0.04756664672153655,0.04756664672153655,1.2288567521331988,0.09710706751044591,0.0052,1.84,2.2,2.451994563848697,,,0.0,1.0,1.8114398869784054e-12,0.9998708673366522,5.807895088064946e-06,-0.00012913266334784726,0.0,319,0,True,True,True,True,True,True,True,True,True,True,warning_high_slack,
VA_0p20_H_0p50_R_1p10,0.2,0.5,1.1,0.22000000000000003,0.002529878242250143,9.084532190305195e-05,0.005952744218511527,2.1765,70,3.757967745538071e-05,2.5511805792331382e-05,6.085168341201127e-05,0.5,1.0913388303446887e-07,0.0,0.5073025396281623,0.047859431747615575,0.047859431747615575,1.2288203765706354,0.0925290100498179,0.0052,1.84,2.2,2.5439941552402114,,,0.0,1.0,9.268141809570807e-13,0.9998646723176476,6.095732443584418e-06,-0.00013532768235236482,0.0,335,0,True,True,True,True,True,True,True,True,True,True,warning_high_slack,
VA_0p20_H_0p50_R_1p20,0.2,0.5,1.2,0.24,0.0028755787231467406,2.316369018417769e-05,0.006406415228835578,4.2775,143,2.6335241580633025e-05,2.50292967700856e-05,5.715310647683016e-05,0.5,9.504335608410876e-08,0.0,0.5015465702909256,0.048317186327493614,0.048317186327493614,0.8483096824865646,0.08536348506227424,0.0052,1.84,2.2,2.7279932040570603,,,0.0,1.0,2.3643309532417334e-12,0.9998506588880259,6.730029677746031e-06,-0.00014934111197401921,0.0,351,0,True,True,True,True,True,True,True,True,True,True,warning_high_slack,
VA_0p20_H_1p00_R_0p90,0.2,1.0,0.9,0.18000000000000002,0.003390848406005117,0.000383106997540978,0.007411766599659331,10.28025,321,0.0003257055997804989,0.0003585506545458269,0.00039474119146534715,0.5,6.345659093869049e-07,0.0,0.5074685779293143,0.04413782561922246,0.04413782561922246,3.923458862352706,0.11005185795226619,0.0052,1.84,2.2,2.6759956590306024,,,0.0,1.0,1.199040866595169e-13,0.9998896681304464,6.746271110026735e-06,-0.00011033186955353577,0.0,273,0,True,True,True,True,True,True,True,True,True,True,warning_high_slack,
VA_0p20_H_1p00_R_1p00,0.2,1.0,1.0,0.2,0.0028285948778096967,0.00017953042873672062,0.005355474247403815,11.25225,375,4.426503657588509e-05,7.841969695996658e-05,0.00018181671366517585,0.5,3.8618013655647497e-07,0.0,0.5074560809719534,0.0471945502342398,0.0471945502342398,3.9233586432248617,0.09857098693839983,0.0052,1.84,2.2,2.8599949452692868,,,0.0,1.0,1.0329515021112456e-12,0.9998770153025671,5.506566757395673e-06,-0.00012298469743289328,0.0,304,0,True,True,True,True,True,True,True,True,True,True,warning_high_slack,
VA_0p20_H_1p00_R_1p05,0.2,1.0,1.05,0.21000000000000002,0.002757166547393393,0.00015582623713314772,0.005648471041153692,7.258,270,4.048485570170175e-05,7.764834483689152e-05,0.0001462728157298988,0.5,2.7691082294974535e-07,0.0,0.507547851861053,0.047542860212159956,0.047542860212159956,3.9233083136445774,0.09407240384424752,0.0052,1.84,2.2,2.9519945902312004,,,0.0,1.0,1.8118839761882555e-12,0.9998708710770492,5.8058103798915505e-06,-0.00012912892295078424,0.0,319,0,True,True,True,True,True,True,True,True,True,True,warning_high_slack,
VA_0p20_H_1p00_R_1p10,0.2,1.0,1.1,0.22000000000000003,0.0026158753031774173,0.00011277748748514393,0.0059105878946123245,6.4955,255,3.7026871229266445e-05,7.692536186678748e-05,0.00012903673551302835,0.5,2.248988840524406e-07,0.0,0.5073025396281623,0.04780478478198557,0.04780478478198557,3.9232573547455063,0.0898759876904452,0.0052,1.84,2.2,3.0439941499535705,,,0.0,1.0,9.272582701669307e-13,0.9998647075934791,6.067131904352031e-06,-0.0001352924065208742,0.0,335,0,True,True,True,True,True,True,True,True,True,True,warning_high_slack,
VA_0p20_H_1p00_R_1p20,0.2,1.0,1.2,0.24,0.0022781885726863085,7.204608198842222e-06,0.006475807498453498,2.0785,120,2.2714422598750966e-05,7.558067110113388e-05,0.00012773069131331193,0.5,2.1705724967055473e-07,0.0,0.5074106341455125,0.04825449916495424,0.04825449916495424,3.9231567779517253,0.08372714153289267,0.0052,1.84,2.2,3.2279932406109766,,,0.0,1.0,2.355449169044732e-12,0.9998522174337184,6.57772459667839e-06,-0.00014778256628154225,0.0,366,0,True,True,True,True,True,True,True,True,True,True,warning_high_slack,
VA_0p25_H_0p30_R_0p90,0.25,0.3,0.9,0.225,0.050133797979513804,0.012974146276639145,0.06390780262512495,11.95375,361,0.006818923456563457,0.038159149555435735,0.038201622087184216,0.5,1.829297710988914e-05,0.0,0.5038290282003398,0.020499376347685703,0.020499376347685703,0.3908476145115448,0.10051132639960572,0.0052,2.3000000000000003,2.75,2.3899972839567223,,,0.0,1.0,1.269651050961329e-12,0.9996726872544068,2.572243478308348e-05,-0.000327312745593178,0.0,339,0,True,True,True,True,True,True,True,True,True,True,warning_high_slack,
VA_0p25_H_0p30_R_1p00,0.25,0.3,1.0,0.25,0.003264842933681296,0.0002306588545582383,0.0069519836352010264,9.401,311,7.725921166898734e-05,1.7720028510905025e-05,4.3574909181411425e-05,0.5,5.869970720132349e-08,0.0,0.5038894273537426,0.04275565431214144,0.04275565431214144,0.37214576450161063,0.09227138204045744,0.0052,2.3000000000000003,2.75,2.6199935497659457,,,0.0,1.0,1.3322676295501878e-15,0.9998452864709234,7.272108118274819e-06,-0.0001547135290765751,0.0,381,0,True,True,True,True,True,True,True,True,True,True,warning_high_slack,
VA_0p25_H_0p30_R_1p05,0.25,0.3,1.05,0.2625,0.00309859510494101,0.00019325816628444625,0.007331029966325104,2.18175,56,6.844890002171185e-05,1.8201111438401764e-05,4.325146861210958e-05,0.5,5.347491481736292e-08,0.0,0.5041219291289154,0.043071701374911696,0.043071701374911696,0.4058714515652911,0.08891329550926812,0.0052,2.3000000000000003,2.75,2.7349931057699663,,,0.0,1.0,2.801314735734195e-12,0.9998379630419905,7.555765538563229e-06,-0.00016203695800950653,0.0,401,0,True,True,True,True,True,True,True,True,True,True,warning_high_slack,
VA_0p25_H_0p30_R_1p10,0.25,0.3,1.1,0.275,0.002882095410147341,0.00012684422473031423,0.007708686250736579,2.128,56,5.5517730167588105e-05,1.8551911771964413e-05,4.298114844048386e-05,0.5,5.301756722806875e-08,0.0,0.5039650459889052,0.04337890795501764,0.04337890795501764,0.45740078964072683,0.0854610966004703,0.0052,2.3000000000000003,2.75,2.849992540538446,,,0.0,1.0,1.7696955012524995e-12,0.9998308151202043,7.929015586709938e-06,-0.0001691848797956266,0.0,421,0,True,True,True,True,True,True,True,True,True,True,warning_high_slack,
VA_0p25_H_0p30_R_1p20,0.25,0.3,1.2,0.3,0.00214189305141297,3.831997545199889e-05,0.008357803770639072,2.0340000000000003,56,2.897998031612561e-05,1.925505437575118e-05,4.2627837908220574e-05,0.5,5.176895294003897e-08,0.0,0.5040308687555014,0.04430281389957261,0.04430281389957261,0.5326762521921723,0.08042672324299915,0.0052,2.3000000000000003,2.75,3.079991271500809,,,0.0,1.0,9.161560399206792e-13,0.999815378140757,8.588827693529768e-06,-0.00018462185924292547,0.0,460,0,True,True,True,True,True,True,True,True,True,True,warning_high_slack,
VA_0p25_H_0p50_R_0p90,0.25,0.5,0.9,0.225,0.004764791787629355,0.0009971541456044834,0.010143871038732512,10.29675,330,0.0007296752356645284,0.001055798318261285,0.0011049636074482506,0.5,2.166164968373847e-07,0.0,0.5038290282003398,0.03761264070354417,0.03761264070354417,1.2288934918060368,0.11169274257033354,0.0052,2.3000000000000003,2.75,2.589994683628205,,,0.0,1.0,1.270095140171179e-12,0.999858984857099,9.697501652670025e-06,-0.00014101514290100362,0.0,342,0,True,True,True,True,True,True,True,True,True,True,warning_high_slack,
VA_0p25_H_0p50_R_1p00,0.25,0.5,1.0,0.25,0.003255618756399077,0.00023506485107928354,0.0069562201681797,9.203,325,7.348574822697459e-05,2.5309181302119233e-05,5.76444054078506e-05,0.5,9.936870785262034e-08,0.0,0.5073993211209685,0.04272925134656332,0.04272925134656332,1.2288025932186233,0.0990383319396984,0.0052,2.3000000000000003,2.75,2.8199935661519624,,,0.0,1.0,8.881784197001252e-16,0.9998463777276568,7.178017392587363e-06,-0.00015362227234313387,0.0,382,0,True,True,True,True,True,True,True,True,True,True,warning_high_slack,
VA_0p25_H_0p50_R_1p05,0.25,0.5,1.05,0.2625,0.0030789309280451066,0.0002131063545481801,0.00734325450897066,1.986,70,6.782252650302288e-05,2.5040597082372813e-05,7.99322585443497e-05,0.5,2.2904303935219355e-07,0.0,0.5072875398350232,0.04302101164983929,0.04302101164983929,1.228757160079237,0.0938431069897023,0.0052,2.3000000000000003,2.75,2.934993094765896,,,0.0,1.0,2.801314735734195e-12,0.9998386598687573,7.555904669550874e-06,-0.0001613401312426795,0.0,402,0,True,True,True,True,True,True,True,True,True,True,warning_high_slack,
VA_0p25_H_0p50_R_1p10,0.25,0.5,1.1,0.275,0.0028489258644023227,0.00017976391271308924,0.007686788600891569,1.9412500000000001,70,5.77938953498298e-05,2.4987878050659423e-05,0.00017250702118698844,0.5,5.382665843986132e-07,0.0,0.5072617415747999,0.04347152833140773,0.04347152833140773,0.9873756502319476,0.08920669959770909,0.0052,2.3000000000000003,2.75,3.0499924793578757,,,0.0,1.0,1.7692514120426495e-12,0.9998310402459896,7.900925882786065e-06,-0.00016895975401045075,0.0,422,0,True,True,True,True,True,True,True,True,True,True,warning_high_slack,
VA_0p25_H_0p50_R_1p20,0.25,0.5,1.2,0.3,0.0020201294017645893,3.971605888417051e-05,0.00829105229601167,3.2765,130,2.934971035603339e-05,2.5869771107236345e-05,5.5283477677181005e-05,0.5,6.933544258100186e-08,0.0,0.5074799791221398,0.04455104010421784,0.04455104010421784,0.6800410584932876,0.08268095942600466,0.0052,2.3000000000000003,2.75,3.279991353093902,,,0.0,1.0,9.166001291305292e-13,0.9998154162243419,8.511514027535738e-06,-0.00018458377565811306,0.0,461,0,True,True,True,True,True,True,True,True,True,True,warning_high_slack,
VA_0p25_H_1p00_R_0p90,0.25,1.0,0.9,0.225,0.004205916163235429,0.0007044475670785859,0.010136159439074057,11.6995,425,0.0006144874959293899,0.0006694697257345311,0.0007023526756027866,0.5,3.3517221570353317e-07,0.0,0.5038290282003398,0.03913114507718808,0.03913114507718808,3.923345254408612,0.10672880315408234,0.0052,2.3000000000000003,2.75,3.089994674146072,,,0.0,1.0,1.270095140171179e-12,0.9998598811858395,1.0091451562921057e-05,-0.0001401188141605405,0.0,342,0,True,True,True,True,True,True,True,True,True,True,warning_high_slack,
VA_0p25_H_1p00_R_1p00,0.25,1.0,1.0,0.25,0.0032563148513545873,0.00035817339737805043,0.006961459040710537,9.203,375,7.5775907076742e-05,7.628659968962208e-05,0.0001284299848191429,0.5,2.2216309450713676e-07,0.0,0.5073993211209685,0.04269222585900485,0.04269222585900485,3.9232191894409345,0.09554828754072571,0.0052,2.3000000000000003,2.75,3.319993597915572,,,0.0,1.0,8.881784197001252e-16,0.9998463803858251,7.184434797465747e-06,-0.00015361961417490453,0.0,382,0,True,True,True,True,True,True,True,True,True,True,warning_high_slack,
VA_0p25_H_1p00_R_1p05,0.25,1.0,1.05,0.2625,0.003078619321191113,0.0003158377941875866,0.007319891860973725,8.010250000000001,345,6.835379062453969e-05,7.54139019541437e-05,0.00012751688018965891,0.5,2.1499436974620624e-07,0.0,0.5072875398350232,0.043096629243284466,0.043096629243284466,3.923156623396383,0.09066226047881468,0.0052,2.3000000000000003,2.75,3.434993113488765,,,0.0,1.0,2.801314735734195e-12,0.9998386552386067,7.550337294031938e-06,-0.00016134476139327057,0.0,402,0,True,True,True,True,True,True,True,True,True,True,warning_high_slack,
VA_0p25_H_1p00_R_1p10,0.25,1.0,1.1,0.275,0.00283350768004529,0.00025081744674997075,0.007631740760334654,1.9412500000000001,120,5.723673117136535e-05,7.489384811759879e-05,0.00015810536556753319,0.5,4.594466057362154e-07,0.0,0.5072617415747999,0.04360467315837858,0.04360467315837858,3.9230936745562346,0.08671103203110732,0.0052,2.3000000000000003,2.75,3.5499924777822707,,,0.0,1.0,1.7692514120426495e-12,0.9998310290143881,7.85422468244411e-06,-0.0001689709856119078,0.0,422,0,True,True,True,True,True,True,True,True,True,True,warning_high_slack,
VA_0p25_H_1p00_R_1p20,0.25,1.0,1.2,0.3,0.0020297430838594824,7.698677622846109e-05,0.008297894736074824,3.44275,187,2.9508844250906116e-05,7.414228457920807e-05,0.00012441068069995,0.5,1.7655470333635746e-07,0.0,0.5032621815446044,0.04452813385844077,0.04452813385844077,3.0158139167013944,0.08104180196124669,0.0052,2.3000000000000003,2.75,3.7799913686834516,,,0.0,1.0,9.166001291305292e-13,0.9998153618020955,8.516831564838448e-06,-0.00018463819790453845,0.0,461,0,True,True,True,True,True,True,True,True,True,True,warning_high_slack,
VA_0p30_H_0p30_R_0p90,0.3,0.3,0.9000000000000001,0.27,6.138555596789996,2.2225033373753145,9.218682688741485,11.25225,403,0.8781954607783165,6.13855264869032,6.138078079713095,0.5,0.0018170369984495949,3.2102320801641326e-11,0.502004882813654,0.01858255716264248,0.01858255716264248,0.407711467248285,0.0984588559590765,0.0052,2.76,3.3,2.807154019036554,,,0.0,1.0,1.992628284597231e-12,0.998828220166943,0.010449800182321336,-0.001171779833057047,0.0,398,0,True,True,True,True,True,True,True,False,False,True,rejected_curve_smoothness,
VA_0p30_H_0p30_R_1p00,0.3,0.3,1.0,0.3,0.003457325711897531,0.00046155088005762207,0.00869448496878293,11.158,446,0.00011402023667092381,1.8520063949840776e-05,4.286662772602248e-05,0.5,5.272905990343348e-08,0.0,0.5040308687555014,0.039421144364397226,0.039421144364397226,0.3824823577853343,0.09036474848848434,0.0052,2.76,3.3,3.0799921489868787,,,0.0,1.0,9.161560399206792e-13,0.9998155314278062,9.104791246386955e-06,-0.00018446857219379183,0.0,460,0,True,True,True,True,True,True,True,True,True,True,warning_high_slack,
VA_0p30_H_0p30_R_1p05,0.3,0.3,1.05,0.315,0.003789060726460354,0.00041301665001015897,0.009028584899383912,9.00325,371,9.579452715538572e-05,1.8926862462788204e-05,0.00011607347195715342,0.5,2.8273132834210474e-07,0.0,0.5037880092233004,0.039663255842011885,0.039663255842011885,0.4236703307106635,0.08667617023137117,0.0052,2.76,3.3,3.2179915734863176,,,0.0,1.0,4.338751580235112e-13,0.9998063239653817,9.340316472634835e-06,-0.00019367603461823348,0.0,483,0,True,True,True,True,True,True,True,True,True,True,warning_high_slack,
VA_0p30_H_0p30_R_1p10,0.3,0.3,1.1,0.33,0.003552942413441021,0.0002892905753981642,0.009453122002828256,3.22,116,7.31971782980401e-05,1.9315211793114527e-05,4.257851809671528e-05,0.5,5.1152423573159594e-08,0.0,0.5038752892225411,0.03996955300621693,0.03996955300621693,0.47826041251667,0.08341899320032127,0.0052,2.76,3.3,3.3559907681363192,,,0.0,1.0,2.823075107016848e-12,0.9997972592825047,9.766859197114852e-06,-0.00020274071749521816,0.0,506,0,True,True,True,True,True,True,True,True,True,True,warning_high_slack,
VA_0p30_H_0p30_R_1p20,0.3,0.3,1.2,0.36,0.002076586880710579,5.82668252746138e-05,0.010212686503145336,3.035,116,2.9267228826296178e-05,1.9883720225902124e-05,4.2873665581468725e-05,0.5,4.944744035862786e-08,0.0,0.5042240725434295,0.0408926323937171,0.0408926323937171,0.5493132512853848,0.07874289592764987,0.0052,2.76,3.3,3.631989356629306,,,0.0,1.0,2.0961010704922955e-13,0.9997786581149253,1.0511146453802343e-05,-0.00022134188507470093,0.0,554,0,True,True,True,True,True,True,True,True,True,True,warning_high_slack,
VA_0p30_H_0p50_R_0p90,0.3,0.5,0.9000000000000001,0.27,0.009200047977781838,0.002560010657564442,0.01314442793140105,10.338750000000001,391,0.0016892268205069652,0.0029557884516669903,0.0030861827693310392,0.5,3.8088222063586627e-07,0.0,0.504000416069057,0.030456249927436434,0.030456249927436434,1.2288212205020679,0.10900597180529673,0.0052,2.76,3.3,3.003994049456805,,,0.0,1.0,1.991740106177531e-12,0.999834041174111,1.3563205440924335e-05,-0.00016595882588902347,0.0,413,0,True,True,True,True,True,True,True,True,True,True,warning_high_slack,
VA_0p30_H_0p50_R_1p00,0.3,0.5,1.0,0.3,0.003406125395425591,0.0004636129459094432,0.008677373290150241,10.993,460,0.0001171548375456167,2.4997097919808568e-05,5.625531589010409e-05,0.5,8.421651168836699e-08,0.0,0.5074799791221398,0.03938701144113979,0.03938701144113979,1.2287115533152164,0.09654821181666891,0.0052,2.76,3.3,3.2799921686319062,,,0.0,1.0,9.166001291305292e-13,0.9998158653624115,9.089647545781128e-06,-0.0001841346375884939,0.0,461,0,True,True,True,True,True,True,True,True,True,True,warning_high_slack,
VA_0p30_H_0p50_R_1p05,0.3,0.5,1.05,0.315,0.0037902997768695795,0.00040926392515962945,0.009022002138349134,8.84625,385,0.00010071846322659661,2.536677216643167e-05,5.554157936032256e-05,0.5,7.312397010632012e-08,0.0,0.5071682071410267,0.039656600816478656,0.039656600816478656,1.0165491773414432,0.09123462858257263,0.0052,2.76,3.3,3.4179915583816904,,,0.0,1.0,4.334310688136611e-13,0.9998065470440891,9.33192847841227e-06,-0.00019345295591094205,0.0,484,0,True,True,True,True,True,True,True,True,True,True,warning_high_slack,
VA_0p30_H_0p50_R_1p10,0.3,0.5,1.1,0.33,0.003489778765798847,0.00023984762993269765,0.009410393427336296,3.06975,130,7.04076243124911e-05,0.00017693918171224977,0.0009358554441317307,0.5,3.2196803137407234e-06,0.0,0.5073572707634342,0.04008402589203528,0.04008402589203528,0.835835142868185,0.08685813122459637,0.0052,2.76,3.3,3.5559906766563545,,,0.0,1.0,2.823519196226698e-12,0.9997974960334153,9.713725071831894e-06,-0.00020250396658475574,0.0,508,0,True,True,True,True,True,True,True,True,True,True,warning_high_slack,
VA_0p30_H_0p50_R_1p20,0.3,0.5,1.2,0.36,0.0019023135310419353,6.410861318506219e-05,0.01016952492476841,2.8975,129,3.09480991403413e-05,2.8095647754118096e-05,5.444108840445096e-05,0.5,6.577354122879622e-08,0.0,0.5074521958505926,0.0410205899070472,0.0410205899070472,0.5938317220232484,0.08040384668873388,0.0052,2.76,3.3,3.8319894207489695,,,0.0,1.0,2.0872192862952943e-13,0.9997786729065324,1.0455843934224318e-05,-0.0002213270934675432,0.0,554,0,True,True,True,True,True,True,True,True,True,True,warning_high_slack,
VA_0p30_H_1p00_R_0p90,0.3,1.0,0.9000000000000001,0.27,0.005299714493430266,0.0012436029711148308,0.01233047570674336,7.5795,335,0.001031945699404328,0.001156479289148493,0.0011874211712554052,0.5,4.911873508724792e-07,0.0,0.504000416069057,0.03527953420523674,0.03527953420523674,3.9232316958505997,0.10412745103893328,0.0052,2.76,3.3,3.503993775347423,,,0.0,1.0,1.9912960169676808e-12,0.9998339942259606,1.1046251357468738e-05,-0.00016600577403931894,0.0,413,0,True,True,True,True,True,True,True,True,True,True,warning_high_slack,
VA_0p30_H_1p00_R_1p00,0.3,1.0,1.0,0.3,0.003514017488947349,0.0005614338317424069,0.00868787125679291,10.80725,501,0.00012057924337552134,7.471684130234244e-05,0.00012607126841011798,0.5,1.993449953728349e-07,0.0,0.5040308687555014,0.03936709809285306,0.03936709809285306,3.923080939169364,0.09279410874410177,0.0052,2.76,3.3,3.779992199357069,,,0.0,1.0,9.166001291305292e-13,0.999815499092219,9.106571770827993e-06,-0.00018450090778101733,0.0,460,0,True,True,True,True,True,True,True,True,True,True,warning_high_slack,
VA_0p30_H_1p00_R_1p05,0.3,1.0,1.05,0.315,0.003780424277610432,0.000505667158880993,0.009025126012927674,9.00425,442,9.422369357708998e-05,7.425066719138919e-05,0.00012482577744231608,0.5,1.8278229614598646e-07,0.0,0.50376830278029,0.03973865469281291,0.03973865469281291,3.923005772850063,0.08817258633779353,0.0052,2.76,3.3,3.917991560811021,,,0.0,1.0,4.338751580235112e-13,0.999806294524131,9.335733322309099e-06,-0.00019370547586900627,0.0,484,0,True,True,True,True,True,True,True,True,True,True,warning_high_slack,
VA_0p30_H_1p00_R_1p10,0.3,1.0,1.1,0.33,0.0034789720794325477,0.0003801628910383298,0.00938578796337755,8.004,412,6.98469705590644e-05,7.413169948520583e-05,0.00012366894544391764,0.5,1.644144143708281e-07,0.0,0.50363890419299,0.04018872716534687,0.04018872716534687,3.9229308924656636,0.0844070774666431,0.0052,2.76,3.3,4.055990696556748,,,0.0,1.0,2.823519196226698e-12,0.999797139222475,9.683956686285227e-06,-0.00020286077752500748,0.0,507,0,True,True,True,True,True,True,True,True,True,True,warning_high_slack,
VA_0p30_H_1p00_R_1p20,0.3,1.0,1.2,0.36,0.002009988665889584,0.00010246971074971689,0.010176079499667834,3.03575,186,2.89253695403451e-05,7.535720684006834e-05,0.00012189336188796569,0.5,1.5169279631644842e-07,0.0,0.5032595195746551,0.04100277959866442,0.04100277959866442,2.739310592352214,0.07872403155891071,0.0052,2.76,3.3,4.3319894122827,,,0.0,1.0,2.0961010704922955e-13,0.9997786726606807,1.0464672393073772e-05,-0.00022132733931934555,0.0,554,0,True,True,True,True,True,True,True,True,True,True,warning_high_slack,
