case_id,v_A,h_A,v_out_ratio,v_out,peak_tail_tension,tail_tension_p95,peak_active_tension,peak_tension_time,peak_tension_segment_index,steady_tail_tension_mean,filtered_peak_tail_tension,filtered_peak_active_tension,tension_filter_window_s,max_filtered_tension_step_N,max_insertion_tension_jump_N,minimum_inserted_rest_length_ratio,min_bend_radius,min_bend_radius_outlet,min_bend_radius_tdp,min_bend_radius_free,low_load_bend_radius_reference,mean_layback,final_layback,mean_suspended_length,first_land_time,first_land_x,max_penetration,max_slack_ratio,max_length_conservation_error,min_standard_segment_ratio,max_axial_strain,min_axial_strain,max_outlet_direction_error_deg,insertion_event_count,remesh_event_count,tension_safe,break_safe,bend_safe,penetration_safe,mesh_safe,insertion_rest_length_safe,insertion_smooth,reported_curve_smooth,curve_smooth,numerically_converged,classification,error
VA_0p10_H_0p30_R_0p90,0.1,0.3,0.9,0.09000000000000001,0.02578982759747175,0.0010256423143378956,0.02578982759747175,9.727500000000001,121,9.407648574903673e-06,0.008198552889044374,0.017143060070510995,0.5,4.6816416629604765e-05,0.0,0.5012825397311031,0.08068892695020123,0.08068892695020123,0.19205779216885496,0.10041440590704667,0.01,0.5573403313083605,0.39813841174690656,0.7203179780593922,9.72175,0.4807913666231316,4.411154584566268e-07,1.0,9.592326932761353e-14,0.9999428708499388,1.0158278498552255e-05,-5.712915006111943e-05,0.0,115,0,True,True,True,True,True,True,True,True,True,True,warning_high_slack,
VA_0p10_H_0p30_R_1p00,0.1,0.3,1.0,0.1,0.026926110558792255,0.0010262071337938403,0.026926110558792255,9.75275,128,1.8342404562621533e-05,0.007692372867897598,0.01665466857014401,0.5,4.4532211643406806e-05,0.0,0.5007584482867554,0.08069040333837069,0.08069040333837069,0.1958245400346821,0.0974896096442121,0.01,0.5758040824442883,0.44285174767442903,0.7666235576792114,9.74675,0.4595934082289828,4.470172306014398e-07,1.0,5.691003224228552e-13,0.9999437024168669,1.090672261057219e-05,-5.6297583133068755e-05,0.0,129,0,True,True,True,True,True,True,True,True,True,True,warning_high_slack,
VA_0p10_H_0p30_R_1p05,0.1,0.3,1.05,0.10500000000000001,0.02598288828754653,0.0013638892640720802,0.02598288828754653,9.817,134,0.0002576487896896343,0.007994871790034908,0.01700849107963388,0.5,4.5981988848747086e-05,0.0,0.5011554016594811,0.08069108275776854,0.08069108275776854,0.20661452977483472,0.09426374582205341,0.01,0.5899329733739238,0.42795718915452996,0.7989117345279652,9.8105,0.44202354439712377,4.408521531862558e-07,1.0,9.332534744999066e-13,0.9999500645336908,1.0330805147966222e-05,-4.9935466309201724e-05,0.0,136,0,True,True,True,True,True,True,True,True,True,True,warning_high_slack,
VA_0p10_H_0p30_R_1p10,0.1,0.3,1.1,0.11000000000000001,0.029101969666674957,0.0031883641874022864,0.029101969666674957,9.93575,142,0.0011363274394261605,0.007924414336115756,0.016830639549864933,0.5,4.517892600009436e-05,0.0,0.5009961410960491,0.08069172552165767,0.08069172552165767,0.2061102319383509,0.08824329248873027,0.01,0.6146809530829437,0.44882491277176684,0.8473878449694919,9.929,0.43102265757114744,3.313947649603837e-07,1.0,5.471179065352771e-13,0.9999523628276819,1.0086030275033866e-05,-4.7637172318145685e-05,0.0,144,0,True,True,True,True,True,True,True,True,True,True,warning_high_slack,
VA_0p10_H_0p30_R_1p20,0.1,0.3,1.2,0.12,0.03425252007875051,0.008668257542121955,0.03425252007875051,10.31025,155,0.007371203771439992,0.008826050278355937,0.016776618835985156,0.5,4.4264694501237466e-05,0.0,0.5010015971955843,0.07286006162893512,0.08069291193487206,0.14483650265278336,0.07379771659441256,0.01,0.7131933354005784,0.5263322278132826,0.9938203214947458,6.686,-0.009999490718449786,2.5035512437229673e-07,1.0,1.2396750292964498e-12,0.999955156404364,1.0458029479704307e-05,-4.484359563593027e-05,0.0,154,0,True,True,True,True,True,True,True,True,True,True,warning_high_slack,
VA_0p10_H_0p50_R_0p90,0.1,0.5,0.9,0.09000000000000001,0.029871316278550088,0.009043399504203953,0.034500517938405965,0.23475000000000001,48,0.007632261324210444,0.01526693549808122,0.024141456059278733,0.5,6.35489095089899e-05,0.0,0.5009711914062153,0.08465117259637178,0.08465117259637178,0.22727347755406405,0.09443360836899618,0.01,0.92,1.1,1.3479970109072703,,,0.0,1.0,7.949196856316121e-14,0.9999679498650292,1.6560264324285123e-05,-3.205013497077852e-05,0.0,110,0,True,True,True,True,True,True,True,True,True,True,warning_high_slack,
VA_0p10_H_0p50_R_1p00,0.1,0.5,1.0,0.1,0.02969555778562416,0.01412902985005666,0.0396139936293432,11.80925,163,0.012901410739905543,0.015087556399267711,0.02367437312203906,0.5,6.326674391556519e-05,0.0,0.5005858612060596,0.07607254994234768,0.08470537569266631,0.1449945687230511,0.07607254994234768,0.01,0.9415781306571794,1.1,1.4184200221216123,6.16775,-0.009999478333111746,2.579639147371652e-07,1.0,5.697664562376303e-13,0.9999543637904905,1.701444436236533e-05,-4.563620950948035e-05,0.0,122,0,True,True,True,True,True,True,True,True,True,True,warning_high_slack,
VA_0p10_H_0p50_R_1p05,0.1,0.5,1.05,0.10500000000000001,0.02970473798692333,0.014370178053539951,0.04027353499721814,11.53675,166,0.013028555254058551,0.015008102354778112,0.02360855280545796,0.5,6.35281514510342e-05,0.0,0.5021761864557427,0.07586183686424658,0.08473159800297583,0.14338880914526345,0.07586183686424658,0.01,0.9641778928035606,1.1299999600694284,1.4418201646643203,5.1835,-0.00999947872440576,2.7270966498837893e-07,1.0,9.410250356722827e-13,0.9999546587159047,1.7005630902957434e-05,-4.534128409529957e-05,0.0,129,0,True,True,True,True,True,True,True,True,True,True,warning_high_slack,
VA_0p10_H_0p50_R_1p10,0.1,0.5,1.1,0.11000000000000001,0.027902857732499117,0.014433793557512493,0.0412351793073033,11.703,172,0.013058470933155887,0.014764538303875379,0.023887426850574753,0.5,6.498589442145665e-05,0.0,0.502176980963868,0.07549893931577932,0.08475784191615944,0.14457164898861907,0.07549893931577932,0.01,0.9855993008828745,1.1599996029443724,1.466398692249478,4.614,-0.009999477574580124,2.61999416207564e-07,1.0,5.484501741648273e-13,0.9999538216939735,1.528569674334345e-05,-4.6178306026535185e-05,0.0,133,0,True,True,True,True,True,True,True,True,True,True,warning_high_slack,
VA_0p10_H_0p50_R_1p20,0.1,0.5,1.2,0.12,0.027766433482248047,0.014574507873859775,0.04272466699407198,11.259,180,0.01320530737898836,0.014765447237179534,0.023771105622963258,0.5,6.5203939346612e-05,0.0,0.5020645530843606,0.07484321209243125,0.0848069598223316,0.1601783881309367,0.07484321209243125,0.01,1.0277936028106442,1.1999999836802235,1.5162043115646737,3.923,-0.009999475016481792,2.703857945902002e-07,1.0,1.2376766278521245e-12,0.9999531448945812,1.5346345319905397e-05,-4.68551054187769e-05,0.0,149,0,True,True,True,True,True,True,True,True,True,True,warning_high_slack,
VA_0p10_H_1p00_R_0p90,0.1,1.0,0.9,0.09000000000000001,0.04421288158445393,0.0265678763855019,0.05780839343022427,8.28225,175,0.025810444538736488,0.026599023331236628,0.028024386676179715,0.5,6.161027617634192e-05,0.0,0.5001210573339686,0.07928064172629985,0.07928064172629985,0.19004722451813694,0.09078764791557269,0.01,1.0397856617851042,1.2299993444557584,1.7282134643683165,4.72525,-0.009999476407274152,2.2816532442825122e-07,1.0,9.947598300641403e-14,0.9999117320600959,2.2933781985474508e-05,-8.82679399040761e-05,0.0,129,0,True,True,True,True,True,True,True,True,True,True,warning_high_slack,
VA_0p10_H_1p00_R_1p00,0.1,1.0,1.0,0.1,0.043426398865707934,0.02672518004193284,0.06140501528496256,10.93375,216,0.025894533184567,0.02686157733725759,0.027559660520201906,0.5,6.326670162354721e-05,0.0,0.5010157432504557,0.07928064172629985,0.07928064172629985,0.1950042458740326,0.08839389278738696,0.01,1.0896092173137015,1.2799996321024683,1.770389742044962,4.152,-0.009999476039083804,2.0566257487789747e-07,1.0,5.6710192097853e-13,0.9999123231744013,2.2018132980549795e-05,-8.767682559871181e-05,0.0,137,0,True,True,True,True,True,True,True,True,True,True,warning_high_slack,
VA_0p10_H_1p00_R_1p05,0.1,1.0,1.05,0.10500000000000001,0.04345667343166612,0.026896536526338544,0.06307148127709,11.66,233,0.02594336851460703,0.026997045448498846,0.02738931972850999,0.5,6.407762658190968e-05,0.0,0.5010764625521529,0.07928064172629985,0.07928064172629985,0.18883705784550986,0.0873322920699738,0.01,1.114363688121336,1.309999494363585,1.791635163997026,3.92125,-0.009999477586701215,2.1547994592997683e-07,1.0,9.441336601412331e-13,0.9999090937637709,2.2025067556668393e-05,-9.090623622909432e-05,0.0,145,0,True,True,True,True,True,True,True,True,True,True,warning_high_slack,
VA_0p10_H_1p00_R_1p10,0.1,1.0,1.1,0.11000000000000001,0.044509685329877646,0.027010465867787,0.06359498996477078,11.1755,233,0.025989283986889985,0.027325896124074378,0.02732632925373107,0.5,6.43276374895801e-05,0.0,0.5011413467637499,0.07928064172629985,0.07928064172629985,0.18384454956574353,0.08637197584785665,0.01,1.1384217078700662,1.3399992689603897,1.8135770652887675,3.69275,-0.00999947760213145,2.2369881867960492e-07,1.0,5.280220705117245e-13,0.9999097070727119,2.3013760092629274e-05,-9.029292728810528e-05,0.0,152,0,True,True,True,True,True,True,True,True,True,True,warning_high_slack,
VA_0p10_H_1p00_R_1p20,0.1,1.0,1.2,0.12,0.04460352192584318,0.027149002481141146,0.06614182681187478,11.74925,253,0.02604150821518541,0.027781330869296534,0.02778139655968575,0.5,6.449816866128163e-05,0.0,0.5010119358238238,0.07928064172629985,0.07928064172629985,0.1831845142559094,0.08457258657254928,0.01,1.1864405194927548,1.3899994707890857,1.8575580819146373,3.069,-0.009999460832025221,2.1624855490129233e-07,1.0,1.240785252321075e-12,0.9999078994227812,2.307859409399999e-05,-9.210057721876626e-05,0.0,164,0,True,True,True,True,True,True,True,True,True,True,warning_high_slack,
VA_0p20_H_0p30_R_0p90,0.2,0.3,0.9,0.18000000000000002,0.016286954250564093,0.0,0.02241977480531756,7.1472500000000005,164,0.0,0.007045639643945747,0.01541255105930733,0.5,3.714648714392725e-05,0.0,0.5015027766361727,0.08069786066156737,0.08069786066156737,0.21087481509783676,0.10074752972929184,0.01,0.7371554602339574,0.7408062350110209,0.8043632095809855,6.8895,0.5417930229351923,1.83911424748724e-07,1.0,1.1191048088221578e-13,0.9999283924137726,9.771680302734309e-06,-7.160758622734598e-05,0.0,260,0,True,True,True,True,True,True,True,True,True,True,warning_high_slack,
VA_0p20_H_0p30_R_1p00,0.2,0.3,1.0,0.2,0.02262063087727128,0.0,0.02800038906950211,5.1335,134,1.0941363515009335e-06,0.006821209103938479,0.015055090481414946,0.5,3.548083365554613e-05,0.0,0.5006322701277157,0.08069895646355017,0.08069895646355017,0.2082742644741989,0.09771614582199428,0.01,0.7646537342459707,0.7777201318062201,0.8300315577968282,6.9102500000000004,0.49983402724499376,1.7972224379519345e-07,1.0,1.0311751452718454e-12,0.99992215461014,1.2394844729419775e-05,-7.784538985999655e-05,0.0,307,0,True,True,True,True,True,True,True,True,True,True,warning_high_slack,
VA_0p20_H_0p30_R_1p05,0.2,0.3,1.05,0.21000000000000002,0.0253255259910613,0.0013074469444270403,0.03165906956054121,6.3915,177,7.343263121209443e-06,0.006686137817759166,0.014931879632531864,0.5,3.489027497373008e-05,0.0,0.5043261879491637,0.08069943563668623,0.08069943563668623,0.20745820352417768,0.09546619900625192,0.01,0.7733926087830231,0.7836675757443912,0.8382025449511255,7.002,0.48187907133654495,1.998831680366611e-07,1.0,1.8118839761882555e-12,0.9999330586195235,1.4142508750631447e-05,-6.694138047646981e-05,0.0,323,0,True,True,True,True,True,True,True,True,True,True,warning_high_slack,
VA_0p20_H_0p30_R_1p10,0.2,0.3,1.1,0.22000000000000003,0.0279549017141461,0.00593397161561874,0.04320680984672631,9.4945,283,0.004493416251397538,0.0065373578352553715,0.014678569701475316,0.5,3.347077056714727e-05,0.0,0.5041802610970149,0.0735821035432791,0.08069987512456663,0.2069986655144514,0.08396751334565374,0.01,0.814253526248266,0.8157795527527079,0.8768211874853964,7.18075,0.4594951450510831,2.480325232319624e-07,1.0,9.268141809570807e-13,0.999934302551928,1.666265448389054e-05,-6.569744807201296e-05,0.0,338,0,True,True,True,True,True,True,True,True,True,True,warning_high_slack,
VA_0p20_H_0p30_R_1p20,0.2,0.3,1.2,0.24,0.028403674166011035,0.007773980319382763,0.05182053236392067,3.0865,87,0.0036875486737522087,0.007266840729253452,0.014251154410476436,0.5,3.213432186802232e-05,0.0,0.5013657865250749,0.07403128991553005,0.0807006500467468,0.14845137833313796,0.07621259240464663,0.01,0.8192923116053376,0.8175024463451768,0.8814456894882073,4.0165,-0.009999487863997895,2.377062395763725e-07,1.0,2.354560990625032e-12,0.9999323689403079,2.368851703618829e-05,-6.763105969213812e-05,0.0,370,0,True,True,True,True,True,True,True,True,True,True,warning_high_slack,
VA_0p20_H_0p50_R_0p90,0.2,0.5,0.9,0.18000000000000002,0.02918381604705691,0.008380218690593116,0.038606595730159766,6.0302500000000006,160,0.0052368849617484845,0.013771625127128448,0.022837267169550177,0.5,6.345827417911809e-05,0.0,0.5012308194058651,0.08505083061766663,0.08505083061766663,0.23759434173213675,0.09860009605640736,0.01,1.4111088505685594,1.3164984611119561,1.6074075503448602,9.721,0.5105497943344558,1.0525876538763203e-07,1.0,1.1324274851176597e-13,0.9999408807244873,1.5493164547282035e-05,-5.91192755127482e-05,0.0,262,0,True,True,True,True,True,True,True,True,True,True,warning_high_slack,
VA_0p20_H_0p50_R_1p00,0.2,0.5,1.0,0.2,0.0273011658843687,0.014588891305802092,0.055028963119637585,10.565,296,0.01349242696261879,0.014407674558767316,0.022385374830450767,0.5,6.115427062344998e-05,0.0,0.5013844358765117,0.07293783668721869,0.08511888023689641,0.14317328120496384,0.07498108380730958,0.01,1.5107015900007863,1.3839764175683091,1.770997321948846,4.26125,-0.00999948112825998,2.751600689359195e-07,1.0,1.0373923942097463e-12,0.9999412658408209,1.5183226709894322e-05,-5.873415917916053e-05,0.0,292,0,True,True,True,True,True,True,True,True,True,True,warning_high_slack,
VA_0p20_H_0p50_R_1p05,0.2,0.5,1.05,0.21000000000000002,0.03029178266404398,0.014365238436294853,0.055679352395648425,10.7095,313,0.012739940297207661,0.014150509434759486,0.022099693017093757,0.5,5.9876056159781084e-05,0.0,0.501226920680722,0.07318142789066284,0.08514962652918252,0.14375920033523676,0.07537534583833572,0.01,1.5036407781995131,1.3674025203393194,1.7460475081527653,3.5735,-0.009999480742046386,2.6952203801750545e-07,1.0,1.829647544582258e-12,0.9999392126060436,1.5734239964065242e-05,-6.0787393956447176e-05,0.0,306,0,True,True,True,True,True,True,True,True,True,True,warning_high_slack,
VA_0p20_H_0p50_R_1p10,0.2,0.5,1.1,0.22000000000000003,0.027196282285431455,0.014113522613264963,0.05727271189789643,10.2645,313,0.012352828215628903,0.01390244755561833,0.021889121042683063,0.5,5.867058220883521e-05,0.0,0.5016906677397879,0.07349156483730725,0.08518034816187056,0.15818826221119942,0.07573382381085125,0.01,1.497465626785848,1.365849100503557,1.7227158775937892,3.19575,-0.009999476144468559,2.660861609866037e-07,1.0,9.392486788328824e-13,0.9999283557023771,1.5213483722281672e-05,-7.164429762285215e-05,0.0,321,0,True,True,True,True,True,True,True,True,True,True,warning_high_slack,
VA_0p20_H_0p50_R_1p20,0.2,0.5,1.2,0.24,0.027117798604964057,0.013647828558918437,0.05858660567476537,10.01725,330,0.011365056827949478,0.01317293649376391,0.0214555297784344,0.5,5.6562413210906265e-05,0.0,0.5015261239643201,0.07401839948159128,0.08523666905693995,0.17428855550892086,0.07648089552753917,0.01,1.4778229448030062,1.359675516997798,1.6774665936000854,2.7685,-0.00999947922992199,2.4765898316916984e-07,1.0,2.3638868640318833e-12,0.9999240027175169,1.500443008854462e-05,-7.599728248314046e-05,0.0,351,0,True,True,True,True,True,True,True,True,True,True,warning_high_slack,
VA_0p20_H_1p00_R_0p90,0.2,1.0,0.9,0.18000000000000002,0.044204771630622024,0.026664511146754145,0.07599982573484348,11.8215,363,0.025508723798909724,0.026782322418517458,0.026897178636977798,0.5,6.605420389655693e-05,0.0,0.5001394194048856,0.07928064172629985,0.07928064172629985,0.18256540630876514,0.08459423071064232,0.01,1.976277555029531,2.3299996617692336,2.5397213022349168,3.8735,-0.009999482523419612,2.5382969824268755e-07,1.0,1.163513729807164e-13,0.9999062562900037,2.368522505234847e-05,-9.374370999624918e-05,0.0,274,0,True,True,True,True,True,True,True,True,True,True,warning_high_slack,
VA_0p20_H_1p00_R_1p00,0.2,1.0,1.0,0.2,0.04417160899961405,0.02697322093942467,0.07956930817005486,11.79025,392,0.025666037516856914,0.0278929247881416,0.028025835279104884,0.5,6.416350733042976e-05,0.0,0.5000799404266497,0.07928064172629985,0.07928064172629985,0.1807726730061448,0.08216511829387142,0.01,2.070756283697866,2.43999942176493,2.6292422709979726,2.79175,-0.009999450882274318,2.3070049433544965e-07,1.0,1.0316192344816955e-12,0.9999053545435603,2.343012950574954e-05,-9.464545643965059e-05,0.0,305,0,True,True,True,True,True,True,True,True,True,True,warning_high_slack,
VA_0p20_H_1p00_R_1p05,0.2,1.0,1.05,0.21000000000000002,0.044232327599840554,0.02696859652735014,0.0815425633483016,11.778,407,0.025666972355277685,0.02753076791622914,0.02764390030919065,0.5,6.29403597291333e-05,0.0,0.5002851968024583,0.07928064172629985,0.07928064172629985,0.18048451057792472,0.08117012526079055,0.01,2.116857920862689,2.489999588541023,2.675140520096466,2.51025,-0.0099994397407853,2.2828264671746358e-07,1.0,1.8132162438178057e-12,0.9999053143682818,2.384052468865531e-05,-9.468563171819204e-05,0.0,320,0,True,True,True,True,True,True,True,True,True,True,warning_high_slack,
VA_0p20_H_1p00_R_1p10,0.2,1.0,1.1,0.22000000000000003,0.04514943422703745,0.027072330950145235,0.0812780417892397,11.96875,415,0.02562473517793118,0.027042579910489868,0.027095433445332225,0.5,6.178162293701708e-05,0.0,0.5017092783158937,0.07928064172629985,0.07928064172629985,0.17888851680470305,0.08036050174746293,0.01,2.16255194067784,2.5399996652812096,2.7214463711324672,2.364,-0.009999425472715597,2.242550774584485e-07,1.0,9.396927680427325e-13,0.9999056158066967,2.3613833237240787e-05,-9.438419330328489e-05,0.0,322,0,True,True,True,True,True,True,True,True,True,True,warning_high_slack,
VA_0p20_H_1p00_R_1p20,0.2,1.0,1.2,0.24,0.044322495640688755,0.02669402792636515,0.08289911417667441,11.5785,431,0.025206518101260875,0.026899335560339587,0.026865752376159117,0.5,5.8749789621258654e-05,0.0,0.5015284742807413,0.07893422715907904,0.07928064172629985,0.15046487588407198,0.07893422715907904,0.01,2.2528296311579346,2.6499992570453377,2.815168384483484,2.19225,-0.009999425017028735,2.2554359465769727e-07,1.0,2.3643309532417334e-12,0.999906013156078,2.251263288191789e-05,-9.398684392200538e-05,0.0,352,0,True,True,True,True,True,True,True,True,True,True,warning_high_slack,
VA_0p25_H_0p30_R_0p90,0.25,0.3,0.9,0.225,0.17183937204298688,0.007297595895134253,0.20636025929227947,11.99975,351,0.010223584199858625,0.14917619609144736,0.16083026100300635,0.5,0.00014260473713746669,0.0,0.5024843648029557,0.08070002343576954,0.08070002343576954,0.21151533689917784,0.10099053840504296,0.01,0.9417952391475704,1.132643675324354,0.9959926925515813,6.3525,0.5628369756914329,7.310370811776633e-08,1.0,1.2616574451840279e-12,0.999846146603806,7.658847276867549e-05,-0.00015385339619397148,0.0,328,0,True,True,True,True,True,True,True,False,False,True,rejected_curve_smoothness,
VA_0p25_H_0p30_R_1p00,0.25,0.3,1.0,0.25,0.017042065371742916,0.0,0.03554536770350336,4.728,149,1.2198833429637455e-05,0.0062087337193452,0.014016573300509417,0.5,3.1463364040624706e-05,0.0,0.5009597226368223,0.08070093332061022,0.08070093332061022,0.2087063140744626,0.09787376337497777,0.01,0.9588052792632822,0.9650495573688094,1.0119464760804495,6.37275,0.5175947574450382,1.6633693665055349e-07,1.0,1.3322676295501878e-15,0.9999096513647169,1.5762647985955813e-05,-9.03486352831553e-05,0.0,386,0,True,True,True,True,True,True,True,True,True,True,warning_high_slack,
VA_0p25_H_0p30_R_1p05,0.25,0.3,1.05,0.2625,0.017840509147820576,0.002451940716523323,0.049067764244098123,11.72575,417,0.0007772364641323092,0.005948126081741944,0.013834273627985018,0.5,3.116241199868294e-05,0.0,0.5040813290662746,0.0770047543993749,0.08070132480105442,0.20793219599219867,0.09430891874230932,0.01,0.9709550105452641,0.9849589716083837,1.0235632712506415,6.4835,0.49240207976010913,1.9818948190588223e-07,1.0,2.801314735734195e-12,0.999925410965087,2.226157725666829e-05,-7.458903491295133e-05,0.0,405,0,True,True,True,True,True,True,True,True,True,True,warning_high_slack,
VA_0p25_H_0p30_R_1p10,0.25,0.3,1.1,0.275,0.020522313906299383,0.006985143973753518,0.05516130107225387,7.79575,283,0.003708149248422866,0.006779193195971686,0.013592728176793509,0.5,3.079319593850532e-05,0.0,0.5043436736381252,0.07362974738209654,0.08070168074771433,0.20515551963813367,0.07939650682542247,0.01,0.9922561518764833,0.9942303235696646,1.0439556022575542,6.698,0.47416041943448134,2.4113637394114797e-07,1.0,1.7696955012524995e-12,0.9999222828712666,2.2912360587215096e-05,-7.771712873337803e-05,0.0,424,0,True,True,True,True,True,True,True,True,True,True,warning_high_slack,
VA_0p25_H_0p30_R_1p20,0.25,0.3,1.2,0.3,0.02162526310255968,0.007103377020781294,0.05935173454341425,3.02,102,0.002196931052464853,0.006139228210786281,0.013295451915586166,0.5,3.088864595508648e-05,0.0,0.5013364284475761,0.07423962515131388,0.08070230026951945,0.14977772931175443,0.07713252676132495,0.01,0.9872816167953258,0.9832705840642166,1.0391884045367503,3.48525,-0.009999489564267983,2.366302476627719e-07,1.0,9.157119507108291e-13,0.9999159760308807,2.7022587423534196e-05,-8.4023969119316e-05,0.0,463,0,True,True,True,True,True,True,True,True,True,True,warning_high_slack,
VA_0p25_H_0p50_R_0p90,0.25,0.5,0.9,0.225,0.027215983857083088,0.00765652315507756,0.043516151678598194,5.0245,160,0.0037846884253509238,0.012745536857299455,0.021977935075541473,0.5,5.9037931194279086e-05,0.0,0.5012914524586124,0.08519247561879215,0.08519247561879215,0.24419967411338891,0.1015575842590208,0.01,1.6836660656984093,1.658472358891863,1.819224866626231,9.17775,0.5233048368778658,1.0427622712006706e-07,1.0,1.2616574451840279e-12,0.9999290038466834,1.8044010183289035e-05,-7.099615331661343e-05,0.0,329,0,True,True,True,True,True,True,True,True,True,True,warning_high_slack,
VA_0p25_H_0p50_R_1p00,0.25,0.5,1.0,0.25,0.02775295948657398,0.014217236342098743,0.06100226725213885,10.1625,349,0.012981061123681296,0.013613601333464814,0.021367191160836407,0.5,5.6074633709317584e-05,0.0,0.501376841782861,0.07303103883453665,0.08526040504194901,0.14542812138081998,0.07540580790433071,0.01,1.7819663679270867,1.6997397579321447,1.9688038431919577,3.9195,-0.009999480985352683,2.6910207010946714e-07,1.0,8.881784197001252e-16,0.999923489060195,1.5060018466040713e-05,-7.651093980501574e-05,0.0,368,0,True,True,True,True,True,True,True,True,True,True,warning_high_slack,
VA_0p25_H_0p50_R_1p05,0.25,0.5,1.05,0.2625,0.027391527965225673,0.013773821658466103,0.062466460251426895,10.2055,365,0.011834585578284176,0.013459418178379125,0.021032684150311797,0.5,5.432091728138286e-05,0.0,0.5017020612330259,0.07334738300389351,0.08529178509274483,0.15191793468340173,0.07586667614980452,0.01,1.7703045148190948,1.6853997143203459,1.9418437822859522,3.26975,-0.009999475374302756,2.526650672404683e-07,1.0,2.807531984672096e-12,0.9999210023794248,1.581775278763565e-05,-7.899762057512596e-05,0.0,385,0,True,True,True,True,True,True,True,True,True,True,warning_high_slack,
VA_0p25_H_0p50_R_1p10,0.25,0.5,1.1,0.275,0.0290828533387487,0.013459528054167825,0.06681230158287554,10.0805,391,0.011237181469710842,0.013006833741151832,0.020604899158038002,0.5,5.2847091543023125e-05,0.0,0.5000441563043458,0.07371008430788549,0.08532091335832148,0.16546905821443794,0.07630238317510092,0.01,1.760637774757158,1.6852896594454634,1.9158703341576788,2.92625,-0.00999948104974119,2.4526006801708073e-07,1.0,1.7670309659933991e-12,0.9999185631671644,1.758516299496722e-05,-8.143683283552123e-05,0.0,423,0,True,True,True,True,True,True,True,True,True,True,warning_high_slack,
VA_0p25_H_0p50_R_1p20,0.25,0.5,1.2,0.3,0.029738951995880274,0.01265732229496579,0.0686172488355211,8.62325,362,0.009593225009176691,0.011744684982051787,0.019904262812683614,0.5,5.0149914782636126e-05,0.0,0.5000808302688372,0.07426978159260764,0.08537612213766436,0.17384065715650326,0.07735435235583436,0.01,1.733313834775233,1.6726754303206757,1.8615356014050972,2.551,-0.009999472764564525,2.282699649886203e-07,1.0,9.139355938714289e-13,0.999912304951015,2.2924310528587534e-05,-8.769504898494352e-05,0.0,463,0,True,True,True,True,True,True,True,True,True,True,warning_high_slack,
VA_0p25_H_1p00_R_0p90,0.25,1.0,0.9,0.225,0.045212985285514345,0.026331441646617788,0.07941690977381459,11.511750000000001,408,0.02501750663005968,0.026345628871941144,0.02677755673855498,0.5,6.302629378735392e-05,0.0,0.5008179933063878,0.07928064172629985,0.07928064172629985,0.17881694253861827,0.08382131079108968,0.01,2.4272282632685185,2.8699994643682016,2.962770572350241,3.7640000000000002,-0.009999479541982733,2.5688689318695295e-07,1.0,1.2616574451840279e-12,0.9999057101560481,2.3651187945275958e-05,-9.428984395192618e-05,0.0,330,0,True,True,True,True,True,True,True,True,True,True,warning_high_slack,
VA_0p25_H_1p00_R_1p00,0.25,1.0,1.0,0.25,0.044441067076601615,0.02642611549785317,0.08716435303719999,11.72475,467,0.02505812709208558,0.026879126533326435,0.027364855732733544,0.5,5.915231315811167e-05,0.0,0.5002686338567954,0.07928064172629985,0.07928064172629985,0.18697142004384337,0.08118122727871717,0.01,2.5443665108043745,2.999999656947672,3.075631960852503,2.53625,-0.009999440212609388,2.17771330405086e-07,1.0,8.881784197001252e-16,0.9999040822904279,2.4157722249977486e-05,-9.591770957205011e-05,0.0,383,0,True,True,True,True,True,True,True,True,True,True,warning_high_slack,
VA_0p25_H_1p00_R_1p05,0.25,1.0,1.05,0.2625,0.044500893257742334,0.026447059371664725,0.08926908791181055,11.6145,482,0.02500803806067277,0.026674570025460455,0.027072664134492528,0.5,5.7206388821656696e-05,0.0,0.5002692676506625,0.07928064172629985,0.07928064172629985,0.17550944873028473,0.08017825371677502,0.01,2.602183241441764,3.069999378818514,3.1328150271397894,2.334,-0.009999426504494624,2.406891458380898e-07,1.0,2.800870646524345e-12,0.9999046815656243,2.25414809183108e-05,-9.53184343757645e-05,0.0,403,0,True,True,True,True,True,True,True,True,True,True,warning_high_slack,
VA_0p25_H_1p00_R_1p10,0.25,1.0,1.1,0.275,0.04456557937513137,0.02626657366118575,0.09157423983373517,11.898,512,0.024812424370852106,0.026242856047339506,0.026750959115565767,0.5,5.486497514368689e-05,0.0,0.5003086029928615,0.07928064172629985,0.07928064172629985,0.17278193148971846,0.07939228641490287,0.01,2.6592049328854124,3.1299996694298864,3.1907931589392167,2.21575,-0.009999424946159803,2.2532307163069576e-07,1.0,1.7674750552032492e-12,0.9999056123179714,2.2568546746438168e-05,-9.4387682028604e-05,0.0,423,0,True,True,True,True,True,True,True,True,True,True,warning_high_slack,
VA_0p25_H_1p00_R_1p20,0.25,1.0,1.2,0.3,0.045808136428435085,0.025582888493749553,0.09035139331179125,11.812,525,0.024009254083277618,0.025573634503544957,0.026006823267946472,0.5,5.323417109147745e-05,0.0,0.5022188555293154,0.07817119763260974,0.07928064172629985,0.1501276530402829,0.07817119763260974,0.01,2.770731144761643,3.2599995881589434,3.3092665389225915,2.0685000000000002,-0.009999407096576785,2.143295970673422e-07,1.0,9.2192919964873e-13,0.9999082919399634,2.366030867284546e-05,-9.170806003654881e-05,0.0,440,0,True,True,True,True,True,True,True,True,True,True,warning_high_slack,
VA_0p30_H_0p30_R_0p90,0.3,0.3,0.9000000000000001,0.27,15.344142838889988,5.473746746372763,26.898308984587544,11.26925,393,2.173088622657141,15.344102135323938,15.330393698774992,0.5,0.004582783377715671,7.629186171698166e-11,0.5015765152406491,0.02346388528283521,0.02346388528283521,0.21200371419073605,0.10119161785816563,0.01,1.7867119555962256,3.3,1.821478934269947,6.0095,0.5809100508649636,2.61459871936017e-06,1.0,1.9957369090661814e-12,0.9998051957087288,0.012931041194915864,-0.0001948042912711983,0.0,393,0,True,True,True,True,True,True,True,False,False,True,rejected_curve_smoothness,
VA_0p30_H_0p30_R_1p00,0.3,0.3,1.0,0.3,0.014390494760289379,8.638757408873342e-05,0.04314024186976324,4.218,152,4.7321765570007335e-05,0.005604352261643522,0.013277466390475678,0.5,3.0814740749531694e-05,0.0,0.5000479545351737,0.08070224490713208,0.08070224490713208,0.20913803124373015,0.09801488694365694,0.01,1.140706771425779,1.1348617472943414,1.186121427466419,6.02475,0.5209027177112692,1.7208234727404682e-07,1.0,9.139355938714289e-13,0.9999029590625157,1.915441730819403e-05,-9.704093748429055e-05,0.0,462,0,True,True,True,True,True,True,True,True,True,True,warning_high_slack,
VA_0p30_H_0p30_R_1p05,0.3,0.3,1.05,0.315,0.016161587155331288,0.004489804747760909,0.0636067461535756,9.27075,387,0.002547152823380415,0.005344010745605681,0.012968090258461087,0.5,3.0992986664941675e-05,0.0,0.504205514672784,0.07353815792668238,0.08070256890672167,0.20836850572107232,0.09255425454673327,0.01,1.1607336116655635,1.1672735837832344,1.2054895455888122,6.1552500000000006,0.5023206373863096,2.5486929995864685e-07,1.0,4.334310688136611e-13,0.9999111992493172,2.898093114159703e-05,-8.880075068281696e-05,0.0,487,0,True,True,True,True,True,True,True,True,True,True,warning_high_slack,
VA_0p30_H_0p30_R_1p10,0.3,0.3,1.1,0.33,0.017360869647193536,0.007038581545661657,0.065981221684515,11.76575,522,0.0027439987806588432,0.006327126271887335,0.012767320061639647,0.5,3.0843437240453495e-05,0.0,0.5045310997160515,0.07379011989031084,0.08070286127111892,0.15823963786112377,0.07718278280000522,0.01,1.1692352199822449,1.1649624017702274,1.2137216668231008,5.5360000000000005,-0.00999949345192751,2.357575833085619e-07,1.0,2.823519196226698e-12,0.9999074532943429,3.005722558543337e-05,-9.254670565707873e-05,0.0,511,0,True,True,True,True,True,True,True,True,True,True,warning_high_slack,
VA_0p30_H_0p30_R_1p20,0.3,0.3,1.2,0.36,0.015578646193781676,0.006422152144883765,0.07782651806622218,2.6835,102,0.0007206151542219178,0.00485134930805537,0.012243004174473084,0.5,3.103477817311979e-05,0.0,0.5013326349878507,0.07453303273246507,0.0807033668878895,0.15135343301450585,0.07794506132680804,0.01,1.160068036722202,1.1500897416564775,1.2048782768357245,3.1317500000000003,-0.00999949042634641,3.107126631194075e-07,1.0,2.0961010704922955e-13,0.9998993461000457,3.5584637618723096e-05,-0.00010065389995425581,0.0,558,0,True,True,True,True,True,True,True,True,True,True,warning_high_slack,
VA_0p30_H_0p50_R_0p90,0.3,0.5,0.9000000000000001,0.27,0.030009581025572444,0.006852702728309387,0.05375292560388399,11.72375,447,0.0021490742815184127,0.011978751036420784,0.020988287606768,0.5,5.4490061045399125e-05,0.0,0.5001361100583828,0.0853064047242941,0.0853064047242941,0.25175994782272215,0.10500721723192726,0.01,1.9746107271743876,1.9859735630859512,2.070957206853628,8.8215,0.5415822449589439,1.1110931683974105e-07,1.0,1.993072373807081e-12,0.9999186589937439,2.4477931809252943e-05,-8.134100625612992e-05,0.0,415,0,True,True,True,True,True,True,True,True,True,True,warning_high_slack,
VA_0p30_H_0p50_R_1p00,0.3,0.5,1.0,0.3,0.03235400118654942,0.013977298078484995,0.06790498901058696,9.8935,398,0.012484704169929898,0.01493602316070764,0.020088590133086975,0.5,5.0831921907025426e-05,0.0,0.501340523236892,0.07305633979518901,0.08537321334749949,0.14377756412681394,0.07572836473499409,0.01,2.06920039987876,2.0173243158394865,2.2069780595192827,3.70175,-0.009999480274664515,2.726735458143838e-07,1.0,9.2237328885858e-13,0.9999162903282163,2.08113835132699e-05,-8.370967178376082e-05,0.0,440,0,True,True,True,True,True,True,True,True,True,True,warning_high_slack,
VA_0p30_H_0p50_R_1p05,0.3,0.5,1.05,0.315,0.029927696690175806,0.01328988502665418,0.07277527365059713,9.52225,418,0.010913791435880308,0.012646213233093213,0.019721923269085572,0.5,4.9349486764079745e-05,0.0,0.5001235245746362,0.07354412652499048,0.08540369192437212,0.15800815096570456,0.07628796354766004,0.01,2.054000323908768,2.0059857239115413,2.177417293235363,3.06825,-0.009999478219412222,2.534551136327462e-07,1.0,4.3431924723336124e-13,0.9999119147982954,2.2777410545198083e-05,-8.808520170460073e-05,0.0,486,0,True,True,True,True,True,True,True,True,True,True,warning_high_slack,
VA_0p30_H_0p50_R_1p10,0.3,0.5,1.1,0.33,0.02670444574554147,0.012931199876305345,0.0755149050586241,10.09275,463,0.010104269137925474,0.012121399170871064,0.01973573717950667,0.5,4.788986218792323e-05,0.0,0.5000851939598088,0.07383288062221285,0.08543289952441253,0.17073061304032486,0.07675974371287608,0.01,2.0410585167188127,2.003395206664894,2.148691373268725,2.74575,-0.009999478912553861,2.4355897113822346e-07,1.0,2.823519196226698e-12,0.9999072300692212,2.533511939877703e-05,-9.276993077879262e-05,0.0,509,0,True,True,True,True,True,True,True,True,True,True,warning_high_slack,
VA_0p30_H_0p50_R_1p20,0.3,0.5,1.2,0.36,0.029658413102355376,0.011690797185061448,0.0766562870761015,8.449,417,0.007665467553665743,0.010196546004895122,0.018551333304765053,0.5,4.589400442255509e-05,0.0,0.5001966379297758,0.07464240256567765,0.0854852369742715,0.17657612711499573,0.07803987342513019,0.01,2.005355625079924,1.9977272543761946,2.0861128603669674,2.408,-0.009999482062560698,2.1299547571994114e-07,1.0,2.0961010704922955e-13,0.9998975453506574,2.936560315024598e-05,-0.00010245464934254041,0.0,556,0,True,True,True,True,True,True,True,True,True,True,warning_high_slack,
VA_0p30_H_1p00_R_0p90,0.3,1.0,0.9000000000000001,0.27,0.05004467948742243,0.026064370429040574,0.08598304747252125,11.61425,475,0.024552037337152707,0.026579912483219836,0.027200334011577842,0.5,5.855863915777836e-05,0.0,0.5010741317236819,0.07928064172629985,0.07928064172629985,0.16033709349061698,0.08336175867113757,0.01,2.874113916641536,3.3999997091436187,3.389884856742697,3.736,-0.009999475843805786,2.6498868116472247e-07,1.0,1.9961809982760315e-12,0.9999053501733216,2.257081722615344e-05,-9.46498266784229e-05,0.0,396,0,True,True,True,True,True,True,True,True,True,True,warning_high_slack,
VA_0p30_H_1p00_R_1p00,0.3,1.0,1.0,0.3,0.050636180233154755,0.026159099968345458,0.09091133454217537,11.81275,526,0.024578343797905165,0.026558977907230153,0.02714251668146437,0.5,5.400943374983579e-05,0.0,0.5011930404564885,0.07928064172629985,0.07928064172629985,0.18585559421834474,0.08056522622989673,0.01,3.014425529995926,3.5599996478644664,3.525572801091097,2.40175,-0.00999943825080524,2.2006177913867866e-07,1.0,9.2192919964873e-13,0.9999053608142431,2.264709248135475e-05,-9.463918575696191e-05,0.0,441,0,True,True,True,True,True,True,True,True,True,True,warning_high_slack,
VA_0p30_H_1p00_R_1p05,0.3,1.0,1.05,0.315,0.05042054294497946,0.026185023924779352,0.0932361282143369,11.697750000000001,543,0.024454672954550952,0.026394266115448196,0.027119050602954425,0.5,5.329619945367318e-05,0.0,0.5015241269534111,0.07928064172629985,0.07928064172629985,0.17664644046839334,0.0795402314963203,0.01,3.083537997742199,3.639999576887226,3.5944600942307705,2.22375,-0.009999419870270861,2.3388637328628479e-07,1.0,4.409805853811122e-13,0.9999049803202978,2.2748103840971994e-05,-9.501967970217755e-05,0.0,463,0,True,True,True,True,True,True,True,True,True,True,warning_high_slack,
VA_0p30_H_1p00_R_1p10,0.3,1.0,1.1,0.33,0.050265637155637255,0.02586745026135421,0.0958394380309461,11.976,577,0.024123082109788394,0.02568741079982376,0.02651774339987771,0.5,5.240825931947246e-05,0.0,0.5013108439870332,0.07869402321128627,0.07928064172629985,0.16322354488743027,0.07869402321128627,0.01,3.151368652979684,3.7199994397166316,3.66462921274734,2.1165,-0.009999414190660064,2.315070848083593e-07,1.0,2.8030910925735952e-12,0.99990307215555,2.3555598356545915e-05,-9.692784445007694e-05,0.0,484,0,True,True,True,True,True,True,True,True,True,True,warning_high_slack,
VA_0p30_H_1p00_R_1p20,0.3,1.0,1.2,0.36,0.04823350276635629,0.024419908820530325,0.09809449482407447,11.76075,610,0.022576001098471705,0.024323751780165156,0.025068997104154025,0.5,5.1123737083680256e-05,0.0,0.5023821588976511,0.07767963281845144,0.07928064172629985,0.1428911878526748,0.07767963281845144,0.01,3.2835885746807594,3.869999575958401,3.808408732177897,1.9817500000000001,-0.009999420616280261,2.0722662011067314e-07,1.0,2.3803181647963356e-13,0.9998944048708598,3.27950398819841e-05,-0.00010559512914025629,0.0,528,0,True,True,True,True,True,True,True,True,True,True,warning_high_slack,
