time,inserted_nodes,node_count_before,node_count_after,rest_length_before,rest_length_after,rest_length_error,tail_rest_length_before,tail_rest_length_after,payout_buffer_rest_length_before,payout_buffer_rest_length_after,payout_buffer_min_rest_length_after,payout_buffer_max_rest_length_after,minimum_physical_rest_length_after,peak_tension_before,peak_tension_after,peak_tension_jump,minimum_geometric_ratio_after,peak_tension_post_step,peak_tension_post_step_jump,minimum_standard_ratio_post_step,remeshed_in_same_step
0.642,1,53,54,0.5300072144296722,0.5300072144296722,0.0,0.011250901803709024,0.011250901803709024,0.09000721442967219,0.08438176352781768,0.005625450901854512,0.011250901803709024,0.005625450901854512,0.0,0.0,0.0,0.9998647973401685,0.0,0.0,0.9999862963444273,False
0.7535000000000001,1,54,55,0.5356392690596213,0.5356392690596213,0.0,0.011954908632452663,0.011954908632452663,0.09001381815776677,0.08368436042716865,0.005977454316226332,0.011954908632452663,0.005625450901854512,0.0,0.0,0.0,0.9996874662514266,0.0,0.0,0.9999707592822294,False
0.8525,1,55,56,0.5419557836227492,0.5419557836227492,0.0,0.012744472952843663,0.012744472952843663,0.09000087499029658,0.08323385635367928,0.0063722364764218315,0.012744472952843663,0.005625450901854512,0.0,0.0,0.0,0.999642347422766,0.0,0.0,0.9999662293511179,False
0.9415,1,56,57,0.5487364018485581,0.548736401848558,-1.1102230246251565e-16,0.013592050231069764,0.013592050231069764,0.09001447457948804,0.08239987866464465,0.006796025115534882,0.013592050231069764,0.005625450901854512,0.0,0.0,0.0,0.9996080462821074,0.0,0.0,0.99996233105037,False
1.028,1,57,58,0.5563463617023012,0.5563463617023012,0.0,0.014543295212787657,0.014543295212787657,0.09000983851838781,0.081838779782022,0.007271647606393828,0.014543295212787657,0.005625450901854512,0.0,0.0,0.0,0.9995827507663205,0.0,0.0,0.9999589888764453,False
1.11025,1,58,59,0.5645175142629237,0.5645175142629237,0.0,0.015564689282865475,0.007782344641432738,0.09000993234264451,0.08081747953620089,0.007782344641432738,0.015564689282865475,0.005625450901854512,0.0,0.0,0.0,0.9995642364372287,0.0,0.0,0.999958297942012,False
1.1935,1,59,60,0.5737055330917348,0.5737055330917348,0.0,0.008930846995034143,0.008930846995034143,0.09000549836501205,0.08008833184408004,0.008356595818233423,0.016713191636466847,0.005625450901854512,0.0,0.0,0.0,0.9995531305574615,0.0,0.0,0.9999549202245479,False
1.2755,1,60,61,0.5836350237907466,0.5836350237907467,1.1102230246251565e-16,0.010172033332410612,0.005086016666205306,0.09001782254309182,0.07885946968478336,0.005086016666205306,0.017954377973843326,0.005086016666205306,0.0,0.0,0.0,0.9995466005286435,0.0,0.0,0.9999575019091286,False
1.36025,1,61,62,0.5947773078201013,0.5947773078201013,0.0,0.006478802169874662,0.006478802169874662,0.09000175371413816,0.07792623784301929,0.005782409418039981,0.019347163477512662,0.005625450901854512,0.0,0.0,0.0,0.9992746083876589,0.0,0.0,0.9999324111998803,False
1.44575,1,62,63,0.6068716944989895,0.6068716944989896,1.1102230246251565e-16,0.007990600504735653,0.007990600504735653,0.09002062452190723,0.07643331031592737,0.006251182997070123,0.020858961812373646,0.005625450901854512,0.0,0.0,0.0,0.999310054907781,0.0,0.0,0.9999351619091652,False
1.53575,1,63,64,0.6204539160937604,0.6204539160937604,0.0,0.00968837820408203,0.00968837820408203,0.09001553191069842,0.06745879239897841,0.007100071846743311,0.00968837820408203,0.005625450901854512,0.0,0.0,0.0,0.9993269457569959,0.0,0.0,0.9999361339188997,False
1.6752500000000001,1,64,65,0.6430029051046676,0.6430029051046677,1.1102230246251565e-16,0.012507001830445447,0.0062535009152227235,0.09000778140988577,0.08008908593677902,0.0062535009152227235,0.012507001830445447,0.005625450901854512,5.315794041274558e-06,5.315794041274558e-06,0.0,0.9994192939958731,5.33494019467934e-06,1.91461534047822e-08,0.9999464371146992,False
1.734,1,65,66,0.6529534526958802,0.6529534526958802,0.0,0.007497319364124296,0.007497319364124296,0.09003963352799156,0.07887711960598326,0.0068754101396735065,0.013054427527512335,0.005625450901854512,1.729491342643101e-05,1.729491342643101e-05,0.0,0.999213982753233,1.71961506770478e-05,-9.87627493832105e-08,0.9999278902266378,False
1.7982500000000001,1,66,67,0.6640796146690381,0.6640796146690381,0.0,0.00888808961076902,0.00888808961076902,0.09000328157914103,0.07660110856081481,0.007222598887078527,0.014445197774157054,0.005625450901854512,1.9280119337074936e-05,1.9280119337074936e-05,0.0,0.9992721994848223,1.8570706450574126e-05,-7.094128865008098e-07,0.9999327583484282,False
1.87425,1,67,68,0.677496158662451,0.677496158662451,0.0,0.010565157609945636,0.010565157609945636,0.09001765255422775,0.07493841153672492,0.005282578804972818,0.016122265773333685,0.005282578804972818,2.0702041857462855e-05,2.0702041857462855e-05,0.0,0.9993120502139847,2.062545402356855e-05,-7.658783389430379e-08,0.9999368696207531,False
1.9585000000000001,1,68,69,0.6925781259246923,0.6925781259246924,1.1102230246251565e-16,0.0124504035177258,0.0124504035177258,0.09002037879896621,0.07201286711785236,0.005914247146637503,0.0124504035177258,0.005625450901854512,2.1208518586226036e-05,2.1208518586226036e-05,0.0,0.9991373825557693,2.1182430702055416e-05,-2.608788417061969e-08,0.9999211169814457,False
2.0585,1,69,70,0.7105750000000007,0.7105750000000007,0.0,0.014700012777139356,0.014700012777139356,0.09000974119316076,0.07697521913971189,0.007039051776344281,0.014700012777139356,0.005625450901854512,2.08322860193416e-05,2.08322860193416e-05,0.0,0.9992416506096551,2.0519297549145328e-05,-3.1298847019627205e-07,0.9999302668516792,False
2.1310000000000002,1,70,71,0.7236250000000011,0.7236250000000011,0.0,0.016331262777139203,0.016331262777139203,0.0900252191397121,0.07535944708626319,0.005524341986083299,0.016331262777139203,0.005524341986083299,2.2109423588711932e-05,2.2109423588711932e-05,0.0,0.9992858953883464,2.2099473551492866e-05,-9.95003721906626e-09,0.9999346467700502,False
2.2125,1,71,72,0.7382950000000008,0.7382950000000008,0.0,0.018165012777138705,0.018165012777138705,0.09002944708626298,0.0795253953099186,0.005814428203025576,0.018165012777138705,0.005625450901854512,2.2930072499424133e-05,2.2930072499424133e-05,0.0,0.9991587075806665,2.2898838526657245e-05,-3.123397276688818e-08,0.9999231243071525,False
2.27075,1,72,73,0.7487800000000006,0.7487800000000004,-1.1102230246251565e-16,0.01947563777713834,0.01947563777713834,0.09001039530991835,0.07819571853357393,0.006469740703025596,0.01947563777713834,0.005625450901854512,2.320864316316689e-05,2.320864316316689e-05,0.0,0.9991312006104388,2.2999231281618533e-05,-2.0941188154835586e-07,0.9999203693618262,False
2.3365,1,73,74,0.7606150000000002,0.7606150000000002,0.0,0.020955012777137936,0.020955012777137936,0.09003071853357368,0.0820816028305481,0.005074045993041673,0.020955012777137936,0.005074045993041673,2.3550752458064285e-05,2.3550752458064285e-05,0.0,0.9992212085735503,2.354920635472938e-05,-1.546103334904925e-09,0.9999288292792433,False
2.3805,1,74,75,0.7685349999999997,0.7685349999999997,0.0,0.021945012777137667,0.021945012777137667,0.09000160283054767,0.08106248712752206,0.005569045993041691,0.021945012777137667,0.005569045993041691,2.3964224102963633e-05,2.3964224102963633e-05,0.0,0.9989792928098892,2.3959791292088215e-05,-4.432810875418421e-09,0.9999068755563103,False
2.43025,1,75,76,0.7774899999999992,0.7774899999999992,0.0,0.02306438777713736,0.02306438777713736,0.09001748712752146,0.07930368392449581,0.005356901601512823,0.02306438777713736,0.005356901601512823,2.458129260015911e-05,2.458129260015911e-05,0.0,0.999074554273546,2.4531666539266787e-05,-4.962606089232253e-08,0.9999154728241285,False
2.48975,1,76,77,0.7881999999999985,0.7881999999999986,1.1102230246251565e-16,0.024403137777137002,0.024403137777137002,0.09001368392449513,0.08331803232298232,0.006695651601512813,0.024403137777137002,0.005625450901854512,2.5443166745233147e-05,2.5443166745233147e-05,0.0,0.9990755415479253,2.5284343969417413e-05,-1.5882277581573444e-07,0.9999153144107867,False
2.527,1,77,78,0.7949049999999984,0.7949049999999984,0.0,0.02524126277713677,0.02524126277713677,0.09002303232298221,0.08248925572146942,0.0051992022430414645,0.02524126277713677,0.0051992022430414645,2.6033024510836895e-05,2.6033024510836895e-05,0.0,0.9991783564618115,2.6008902998434327e-05,-2.4121512402568938e-08,0.999924943264807,False
2.56875,1,78,79,0.8024199999999984,0.8024199999999982,-1.1102230246251565e-16,0.02618063777713651,0.02618063777713651,0.0900042557214693,0.07970458472842756,0.005149835496520864,0.02618063777713651,0.005149835496520864,2.670973040559384e-05,2.670973040559384e-05,0.0,0.9989916996556597,2.669687713991348e-05,-1.285326568036026e-08,0.9999080049894657,False
2.626,1,79,80,0.812724999999998,0.812724999999998,0.0,0.027468762777136165,0.027468762777136165,0.09000958472842734,0.08357162423190648,0.0055463979965208925,0.027468762777136165,0.0055463979965208925,2.764735518154886e-05,2.764735518154886e-05,0.0,0.9990385903896708,2.7649633149451385e-05,2.2779679025248037e-09,0.9999123102704869,False
2.66175,1,80,81,0.8191599999999977,0.8191599999999978,1.1102230246251565e-16,0.02827313777713594,0.02827313777713594,0.09000662423190625,0.08276428873538542,0.0059485854965209035,0.02827313777713594,0.005625450901854512,2.8219307051817032e-05,2.8219307051817032e-05,0.0,0.9990254117520743,2.820972158157741e-05,-9.585470239623821e-09,0.999911101578178,False
2.702,1,81,82,0.8264049999999977,0.8264049999999977,0.0,0.0291787627771357,0.0291787627771357,0.09000928873538529,0.0831550782388644,0.006854210496520899,0.0291787627771357,0.005625450901854512,2.8863519432951795e-05,2.8863519432951795e-05,0.0,0.9990969745353352,2.8744172971734668e-05,-1.193464612171273e-07,0.9999173412949145,False
2.74025,1,82,83,0.8332899999999974,0.8332899999999974,0.0,0.030039387777135457,0.015019693888567729,0.09004007823886415,0.08232524274234328,0.00802857724304153,0.015019693888567729,0.005625450901854512,2.947218822548017e-05,2.947218822548017e-05,0.0,0.9991976829947133,2.9147687041530164e-05,-3.2450118395000566e-07,0.9999261160586663,False
2.783,1,83,84,0.8409849999999975,0.8409849999999974,-1.1102230246251565e-16,0.01598156888856766,0.01598156888856766,0.09002024274234337,0.08094134474582246,0.005479601121520774,0.01598156888856766,0.005479601121520774,3.0193145779515697e-05,3.0193145779515697e-05,0.0,0.9993114173004668,3.019520348499855e-05,2.057705482852554e-09,0.9999370763627345,False
2.8335,1,84,85,0.850074999999997,0.850074999999997,0.0,0.017117818888567348,0.017117818888567348,0.09003134474582197,0.0849237707475615,0.005107573998260475,0.017117818888567348,0.005107573998260475,3.095006965710107e-05,3.095006965710107e-05,0.0,0.9990644644066166,3.094752540151597e-05,-2.5442555851029353e-09,0.9999146819941819,False
2.8617500000000002,1,85,86,0.8551599999999967,0.8551599999999966,-1.1102230246251565e-16,0.017753443888567172,0.017753443888567172,0.09000877074756117,0.08426557174930072,0.006365538621520804,0.017753443888567172,0.005107573998260475,3.136199718567129e-05,3.136199718567129e-05,0.0,0.9989223638783011,3.135083690126601e-05,-1.1160284405279351e-08,0.999901745801848,False
2.8937500000000003,1,86,87,0.8609199999999964,0.8609199999999962,-1.1102230246251565e-16,0.018473443888566976,0.018473443888566976,0.09002557174930036,0.0820540956277796,0.005741163621520828,0.018473443888566976,0.005107573998260475,3.184579030662573e-05,3.184579030662573e-05,0.0,0.999126463872044,3.181491183761659e-05,-3.087846900913581e-08,0.9999202248695614,False
2.938,1,87,88,0.868884999999996,0.8688849999999959,-1.1102230246251565e-16,0.019469068888566702,0.019469068888566702,0.09001909562777909,0.0810519945062583,0.006238976121520845,0.019469068888566702,0.005107573998260475,3.2517517143477035e-05,3.2517517143477035e-05,0.0,0.9990812527211728,3.245053868018866e-05,-6.697846328837477e-08,0.9999159407766299,False
2.98775,1,88,89,0.8778399999999953,0.8778399999999953,0.0,0.020588443888566395,0.020588443888566395,0.09000699450625771,0.08080645588473688,0.00735835112152083,0.020588443888566395,0.005107573998260475,3.323258563772104e-05,3.323258563772104e-05,0.0,0.9991588219131827,3.289056001257008e-05,-3.420256251509586e-07,0.9999217470181402,False
3.039,1,89,90,0.8870649999999952,0.8870649999999952,0.0,0.02174156888856608,0.02174156888856608,0.09003145588473681,0.08485462407397637,0.005176831810760437,0.02174156888856608,0.005107573998260475,3.394028042953516e-05,3.394028042953516e-05,0.0,0.9992727509173902,3.394283442904872e-05,2.5539995135589154e-09,0.9999336217702248,False
3.06775,1,90,91,0.8922399999999953,0.8922399999999951,-1.1102230246251565e-16,0.022388443888565906,0.022388443888565906,0.09002962407397633,0.08420591726321591,0.006047110972141632,0.022388443888565906,0.005107573998260475,3.430053277616495e-05,3.430053277616495e-05,0.0,0.9989372816363363,3.4198499434033714e-05,-1.0203334213123428e-07,0.9999028800659799,False
3.1,1,91,92,0.8980449999999951,0.898044999999995,-1.1102230246251565e-16,0.023114068888565705,0.023114068888565705,0.0900109172632158,0.08482002295245536,0.005190894310760444,0.023114068888565705,0.005107573998260475,3.469851466088385e-05,3.469851466088385e-05,0.0,0.999086091066816,3.469996712775831e-05,1.4524668744624698e-09,0.9999166231255395,False
3.129,1,92,93,0.903264999999995,0.903264999999995,0.0,0.023766568888565525,0.023766568888565525,0.09004002295245522,0.08419662864169479,0.0055171443107604546,0.023766568888565525,0.005107573998260475,3.504215165322714e-05,3.504215165322714e-05,0.0,0.9989408611839132,3.5037271142283956e-05,-4.880510943185135e-09,0.9999034642656492,False
3.16125,1,93,94,0.9090699999999948,0.9090699999999947,-1.1102230246251565e-16,0.024492193888565335,0.024492193888565335,0.09000162864169473,0.08375885933093428,0.005631050560760476,0.024492193888565335,0.005107573998260475,3.5422985880654e-05,3.5422985880654e-05,0.0,0.9990086016636778,3.540636628109081e-05,-1.661959956318588e-08,0.9999095845831946,False
3.196,1,94,95,0.9153249999999945,0.9153249999999946,1.1102230246251565e-16,0.025274068888565118,0.025274068888565118,0.09001385933093412,0.08298921502017369,0.006021988060760488,0.025274068888565118,0.005107573998260475,3.583447117685319e-05,3.583447117685319e-05,0.0,0.9990348945604474,3.57976714418983e-05,-3.6799734954892746e-08,0.9999118879587832,False
3.235,1,95,96,0.9223449999999945,0.9223449999999945,0.0,0.02615156888856488,0.02615156888856488,0.09000921502017345,0.08271878945941298,0.00689948806076048,0.02615156888856488,0.005107573998260475,3.6293018633091075e-05,3.6293018633091075e-05,0.0,0.9991029266461673,3.6076653608930256e-05,-2.1636502416081971e-07,0.9999173411181734,False
3.2755,1,96,97,0.9296349999999943,0.9296349999999942,-1.1102230246251565e-16,0.027062818888564627,0.027062818888564627,0.09000878945941279,0.08180711389865235,0.005360742986070854,0.027062818888564627,0.005107573998260475,3.676716614505014e-05,3.676716614505014e-05,0.0,0.9992075555616817,3.6729476816432705e-05,-3.768932861743441e-08,0.9999275676808942,False
3.32125,1,97,98,0.9378699999999941,0.9378699999999942,1.1102230246251565e-16,0.028092193888564345,0.028092193888564345,0.09004211389865222,0.08120200083789172,0.005875430486070872,0.028092193888564345,0.005107573998260475,3.726447377857843e-05,3.726447377857843e-05,0.0,0.9990314323322096,3.719772925984611e-05,-6.674451873231891e-08,0.9999114147084185,False
3.37025,1,98,99,0.946689999999994,0.946689999999994,0.0,0.029194693888564053,0.029194693888564053,0.09002200083789155,0.080079387777131,0.005485899236070887,0.029194693888564053,0.005107573998260475,3.778635954462042e-05,3.778635954462042e-05,0.0,0.999112986306193,3.7717009775198945e-05,-6.934976942147674e-08,0.9999187601988229,False
3.4255,1,99,100,0.9566349999999936,0.9566349999999936,0.0,0.030437818888563704,0.030437818888563704,0.09002438777713066,0.08128864479105981,0.006107461736070904,0.030437818888563704,0.005107573998260475,3.836876325849184e-05,3.836876325849184e-05,0.0,0.9990801714406482,3.825784592651569e-05,-1.1091733197615163e-07,0.9999155061090368,False
3.474,1,100,101,0.9653649999999935,0.9653649999999935,0.0,0.031529068888563466,0.015764534444281733,0.09001864479105967,0.08019165180498877,0.007198711736070894,0.015764534444281733,0.005107573998260475,3.887939268872113e-05,3.887939268872113e-05,0.0,0.9991401444519028,3.860377824428642e-05,-2.756144444347107e-07,0.9999199449043603,False
3.5285,1,101,102,0.9751749999999929,0.9751749999999929,0.0,0.016990784444281398,0.016990784444281398,0.0900016518049883,0.08473237406195283,0.005269277743035474,0.016990784444281398,0.005107573998260475,3.9512785401373045e-05,3.9512785401373045e-05,0.0,0.9992652488209721,3.949991771464903e-05,-1.2867686724017723e-08,0.999932864309726,False
3.5580000000000003,1,102,103,0.9804849999999928,0.9804849999999928,0.0,0.01765453444428122,0.01765453444428122,0.09004237406195259,0.08410934631891712,0.005601152743035486,0.01765453444428122,0.005107573998260475,3.9798447534245015e-05,3.9798447534245015e-05,0.0,0.998956864630618,3.977383859775355e-05,-2.4608936491466262e-08,0.9999048438232098,False
3.59075,1,103,104,0.9863799999999923,0.9863799999999923,0.0,0.01839140944428102,0.01839140944428102,0.09000434631891681,0.08366631857588133,0.005223574618035474,0.01839140944428102,0.005107573998260475,4.0099644937289144e-05,4.0099644937289144e-05,0.0,0.9990234904227172,4.0072014301421143e-05,-2.7630635868001053e-08,0.9999108634181315,False
3.626,1,104,105,0.9927249999999921,0.9927249999999921,0.0,0.019184534444280803,0.019184534444280803,0.09001131857588096,0.08288016583284549,0.005620137118035488,0.019184534444280803,0.005107573998260475,4.0412958145878046e-05,4.0412958145878046e-05,0.0,0.9989713392148764,4.036609355963944e-05,-4.686458623860706e-08,0.999906026096954,False
3.66575,1,105,106,0.9998799999999916,0.9998799999999916,0.0,0.020078909444280552,0.020078909444280552,0.09003516583284496,0.08312409121480951,0.005756543368035507,0.020078909444280552,0.005107573998260475,4.075303054004018e-05,4.075303054004018e-05,0.0,0.9990499113632848,4.069388135141856e-05,-5.914918862161473e-08,0.9999130702225576,False
3.704,1,106,107,1.006764999999991,1.006764999999991,0.0,0.02093953444428032,0.02093953444428032,0.09000909121480904,0.08223739159677361,0.0061868558680355235,0.02093953444428032,0.005107573998260475,4.108345241833741e-05,4.108345241833741e-05,0.0,0.999064629517049,4.100236526397442e-05,-8.108715436299231e-08,0.999914228494868,False
3.74725,1,107,108,1.0145499999999905,1.0145499999999905,0.0,0.021912659444280055,0.021912659444280055,0.09002239159677305,0.08167412947873758,0.007159980868035511,0.021912659444280055,0.005107573998260475,4.1478895766752926e-05,4.1478895766752926e-05,0.0,0.999135504099982,4.120825215448931e-05,-2.706436122636185e-07,0.9999193397557882,False
3.79375,1,108,109,1.0229199999999905,1.0229199999999905,0.0,0.02295890944427977,0.02295890944427977,0.09004412947873747,0.08064961736070195,0.006001289861070032,0.02295890944427977,0.005107573998260475,4.193835072387499e-05,4.193835072387499e-05,0.0,0.9992456892260695,4.18542416694166e-05,-8.410905445839029e-08,0.999930615533666,False
3.8457500000000002,1,109,110,1.0322799999999903,1.03227999999999,-2.220446049250313e-16,0.02412890944427945,0.02412890944427945,0.09000961736070182,0.08020307399266627,0.006586289861070053,0.02412890944427945,0.005107573998260475,4.244568150447106e-05,4.244568150447106e-05,0.0,0.9991368603860644,4.2332916208983174e-05,-1.1276529548788505e-07,0.9999204085518018,False
3.90025,1,110,111,1.04208999999999,1.0420899999999902,2.220446049250313e-16,0.025355159444279116,0.025355159444279116,0.09001307399266605,0.08449667730864825,0.005516396684017799,0.025355159444279116,0.005107573998260475,4.2960651747413236e-05,4.2960651747413236e-05,0.0,0.9992076647238013,4.293224207197996e-05,-2.8409675433273512e-08,0.9999275475939179,False
3.931,1,111,112,1.0476249999999898,1.0476249999999898,0.0,0.026047034444278923,0.026047034444278923,0.09003167730864817,0.08382340562463039,0.005647177934017812,0.026047034444278923,0.005107573998260475,4.322849160570175e-05,4.322849160570175e-05,0.0,0.9990030795586934,4.3191933545411094e-05,-3.655806029065735e-08,0.999908937983965,False
3.9655,1,112,113,1.0538349999999899,1.0538349999999899,0.0,0.02682328444427871,0.02682328444427871,0.0900334056246303,0.08360997769061249,0.006035302934017825,0.02682328444427871,0.005107573998260475,4.353200043134703e-05,4.353200043134703e-05,0.0,0.9990364540385591,4.348385219484646e-05,-4.814823650057241e-08,0.9999118784898858,False
4.00125,1,113,114,1.0602699999999898,1.0602699999999898,0.0,0.0276276594442785,0.0276276594442785,0.09004497769061237,0.08281717475659459,0.005335019930535055,0.0276276594442785,0.005107573998260475,4.3850754070972516e-05,4.3850754070972516e-05,0.0,0.9990950649312151,4.381359532015145e-05,-3.7158750821068755e-08,0.9999172297271899,False
4.04125,1,114,115,1.0674699999999897,1.0674699999999895,-2.220446049250313e-16,0.028527659444278448,0.028527659444278448,0.0900171747565944,0.08227749682257665,0.0057850199305350715,0.028527659444278448,0.005107573998260475,4.420965927170962e-05,4.420965927170962e-05,0.0,0.999007322720994,4.41578081919028e-05,-5.185107980681876e-08,0.999909133744707,False
4.08425,1,115,116,1.0752099999999896,1.0752099999999896,0.0,0.029495159444278392,0.029495159444278392,0.09001749682257645,0.08131031888855866,0.005976269930535094,0.029495159444278392,0.005107573998260475,4.4598353358705186e-05,4.4598353358705186e-05,0.0,0.9990833650884428,4.4539592887784686e-05,-5.87604709205005e-08,0.9999159343593419,False
4.13275,1,116,117,1.083939999999989,1.0839399999999888,-2.220446049250313e-16,0.03058640944427832,0.03058640944427832,0.09004031888855826,0.08174654895802336,0.00652189493053511,0.03058640944427832,0.005107573998260475,4.503189299308151e-05,4.503189299308151e-05,0.0,0.9991241959564693,4.4958515508405364e-05,-7.337748467614412e-08,0.9999194358864886,False
4.17875,1,117,118,1.0922199999999893,1.0922199999999893,0.0,0.031621409444278416,0.015810704722139208,0.0900265489580234,0.08069777902748845,0.007556894930535048,0.015810704722139208,0.005107573998260475,4.543945382932112e-05,4.543945382932112e-05,0.0,0.9991808789702693,4.530323403928082e-05,-1.3621979004030063e-07,0.9999238828772882,False
4.2305,1,118,119,1.1015349999999888,1.1015349999999888,0.0,0.01697507972213914,0.01697507972213914,0.09001277902748853,0.084991206562221,0.005021572465267513,0.01697507972213914,0.005021572465267513,4.5919391790184787e-05,4.5919391790184787e-05,0.0,0.9992901879078081,4.5898891880880855e-05,-2.0499909303931137e-08,0.9999350566921507,False
4.2585,1,119,120,1.1065749999999894,1.1065749999999894,0.0,0.017605079722139094,0.017605079722139094,0.09003120656222094,0.08437963409695348,0.005336572465267519,0.017605079722139094,0.005021572465267513,4.6159170895918114e-05,4.6159170895918114e-05,0.0,0.9989049026500479,4.6133312665935725e-05,-2.585822998238884e-08,0.9999000185047422,False
4.28975,1,120,121,1.1121999999999892,1.112199999999989,-2.220446049250313e-16,0.01830820472213905,0.01830820472213905,0.09000463409695339,0.08396493663168592,0.005300009965267534,0.01830820472213905,0.005021572465267513,4.642853196949617e-05,4.642853196949617e-05,0.0,0.9989752468419643,4.6401960509274885e-05,-2.657146022128239e-08,0.9999063793852822,False
4.3235,1,121,122,1.118274999999989,1.1182749999999888,-2.220446049250313e-16,0.019067579722139013,0.019067579722139013,0.09003993663168583,0.08324086416641839,0.005679697465267552,0.019067579722139013,0.005021572465267513,4.672313268351395e-05,4.672313268351395e-05,0.0,0.9989785630846709,4.668810219027874e-05,-3.503049323521094e-08,0.9999065964970927,False
4.36125,1,122,123,1.1250699999999887,1.1250699999999887,0.0,0.01991695472213896,0.01991695472213896,0.09003586416641812,0.08312710420115069,0.005831572465267585,0.01991695472213896,0.005021572465267513,4.7053489396487296e-05,4.7053489396487296e-05,0.0,0.9990520110544078,4.7015714915445206e-05,-3.7774481042089864e-08,0.9999132054647175,False
4.3995,1,123,124,1.1319549999999885,1.1319549999999885,0.0,0.0207775797221389,0.0207775797221389,0.09001210420115027,0.0822427192358829,0.0062618849652675964,0.0207775797221389,0.005021572465267513,4.73883221259989e-05,4.73883221259989e-05,0.0,0.9990750999638001,4.7343253875948364e-05,-4.506825005053274e-08,0.9999151765944646,False
4.44275,1,124,125,1.1397399999999878,1.1397399999999878,0.0,0.02175070472213885,0.02175070472213885,0.0900277192358826,0.08166489677061516,0.007235009965267543,0.02175070472213885,0.005021572465267513,4.7762930136103245e-05,4.7762930136103245e-05,0.0,0.9991444596070711,4.763421560032591e-05,-1.2871453577733741e-07,0.9999204505517237,False
4.48925,1,125,126,1.148109999999988,1.148109999999988,0.0,0.022796954722138787,0.022796954722138787,0.0900348967706152,0.08062582430534773,0.005960801180534731,0.022796954722138787,0.005021572465267513,4.816017726320449e-05,4.816017726320449e-05,0.0,0.999252509642254,4.8121168904798e-05,-3.900835840648688e-08,0.999931308689589,False
4.5415,1,126,127,1.1575149999999879,1.157514999999988,2.220446049250313e-16,0.023972579722138714,0.023972579722138714,0.0900308243053477,0.08014362684008018,0.006548613680534751,0.023972579722138714,0.005021572465267513,4.860612099701637e-05,4.860612099701637e-05,0.0,0.9991326424711608,4.8557247293074055e-05,-4.887370394231449e-08,0.999920200825797,False
4.5965,1,127,128,1.1674149999999877,1.1674149999999877,0.0,0.025210079722138633,0.025210079722138633,0.09004362684007997,0.08448127810744618,0.0055623487326337834,0.025210079722138633,0.005021572465267513,4.909034656012884e-05,4.909034656012884e-05,0.0,0.9992049812482163,4.9066027895532056e-05,-2.43186645967837e-08,0.9999272550968223,False
4.62725,1,128,129,1.1729499999999877,1.1729499999999877,0.0,0.025901954722138597,0.025901954722138597,0.09001627810744628,0.08376205437481254,0.0056931299826338145,0.025901954722138597,0.005021572465267513,4.9352783426916735e-05,4.9352783426916735e-05,0.0,0.9990103804436636,4.932778258491353e-05,-2.5000842003205235e-08,0.9999095328352522,False
4.662,1,129,130,1.1792049999999876,1.1792049999999876,0.0,0.026683829722138546,0.026683829722138546,0.0900170543748125,0.08354204939217874,0.006084067482633826,0.026683829722138546,0.005021572465267513,4.965535154772972e-05,4.965535154772972e-05,0.0,0.9990441051032896,4.962671752950277e-05,-2.863401822695102e-08,0.9999125275754688,False
4.698,1,130,131,1.1856849999999874,1.1856849999999874,0.0,0.02749382972213849,0.02749382972213849,0.09002204939217857,0.08273704440954488,0.005328838090267347,0.02749382972213849,0.005021572465267513,4.997430135803045e-05,4.997430135803045e-05,0.0,0.9991021825304125,4.995433457865506e-05,-1.9966779375387746e-08,0.9999178699337503,False
4.7385,1,131,132,1.1929749999999875,1.1929749999999875,0.0,0.028405079722138446,0.028405079722138446,0.09002704440954479,0.08222172692691107,0.005784463090267371,0.028405079722138446,0.005021572465267513,5.033528571780237e-05,5.033528571780237e-05,0.0,0.9990081138926308,5.031150469434467e-05,-2.3781023457695918e-08,0.9999092376987172,False
4.78175,1,132,133,1.2007599999999872,1.2007599999999872,0.0,0.02937820472213838,0.02937820472213838,0.09000672692691078,0.08122828444427704,0.005977119340267403,0.02937820472213838,0.005021572465267513,5.072042626955817e-05,5.072042626955817e-05,0.0,0.999084042950596,5.0694589275881054e-05,-2.5836993677112708e-08,0.9999160770395402,False
4.8305,1,133,134,1.209534999999987,1.209534999999987,0.0,0.030475079722138313,0.030475079722138313,0.09000328444427672,0.0816931963540095,0.006525556840267423,0.030475079722138313,0.005021572465267513,5.1152254072706214e-05,5.1152254072706214e-05,0.0,0.999124993450479,5.112154508718247e-05,-3.070898552374362e-08,0.9999196630999815,False
4.87675,1,134,135,1.2178599999999866,1.2178599999999866,0.0,0.03151570472213835,0.015757852361069174,0.09001819635400937,0.08066748326374214,0.007566181840267348,0.015757852361069174,0.005021572465267513,5.156368094484029e-05,5.156368094484029e-05,0.0,0.9991818852893035,5.150886109657647e-05,-5.481984826381846e-08,0.9999243215811855,False
4.92875,1,135,136,1.2272199999999867,1.2272199999999869,2.220446049250313e-16,0.016927852361069112,0.016927852361069112,0.09002748326374228,0.08499493921860862,0.005032544045133657,0.016927852361069112,0.005021572465267513,5.204822115472791e-05,5.204822115472791e-05,0.0,0.9992913968737523,5.203536953794464e-05,-1.2851616783270158e-08,0.9999351515898788,False
4.95675,1,136,137,1.2322599999999868,1.2322599999999868,0.0,0.017557852361069066,0.017557852361069066,0.09003493921860854,0.08437239517347495,0.005347544045133663,0.017557852361069066,0.005021572465267513,5.228245666598518e-05,5.228245666598518e-05,0.0,0.9989069989325533,5.226839953798683e-05,-1.4057127998346505e-08,0.9999001864965841,False
4.98825,1,137,138,1.2379299999999867,1.2379299999999867,0.0,0.01826660236106903,0.01826660236106903,0.09004239517347491,0.08398610112834129,0.005311684670133692,0.01826660236106903,0.005021572465267513,5.255239087699872e-05,5.255239087699872e-05,0.0,0.9989780341189285,5.253940792536208e-05,-1.2982951636636116e-08,0.999906632824247,False
5.02175,1,138,139,1.2439599999999866,1.2439599999999866,0.0,0.019020352361068985,0.019020352361068985,0.09001610112834114,0.08320605708320757,0.0056885596701337065,0.019020352361068985,0.005021572465267513,5.284247138574607e-05,5.284247138574607e-05,0.0,0.9989795664788299,5.28270446643014e-05,-1.5426721444670847e-08,0.9999067188425788,False
5.0595,1,139,140,1.2507549999999865,1.2507549999999863,-2.220446049250313e-16,0.019869727361068932,0.019869727361068932,0.0900010570832073,0.0830862474130737,0.005839028420133739,0.019869727361068932,0.005021572465267513,5.3172170914124486e-05,5.3172170914124486e-05,0.0,0.999053285600205,5.315669065987606e-05,-1.5480254248423592e-08,0.9999133851032762,False
5.098,1,140,141,1.2576849999999862,1.2576849999999862,0.0,0.02073597736106888,0.02073597736106888,0.09001624741307335,0.08223518774293981,0.006272153420133754,0.02073597736106888,0.005021572465267513,5.351072330575462e-05,5.351072330575462e-05,0.0,0.9990768983621637,5.349225997179403e-05,-1.8463333960586808e-08,0.9999154499927442,False
5.14125,1,141,142,1.2654699999999854,1.2654699999999854,0.0,0.02170910236106881,0.02170910236106881,0.09002018774293935,0.08164287807280576,0.00724527842013368,0.02170910236106881,0.005021572465267513,5.389003573523454e-05,5.389003573523454e-05,0.0,0.9991456698160344,5.3835529303218126e-05,-5.450643201641603e-08,0.9999209460906983,False
5.18775,1,142,143,1.2738399999999857,1.2738399999999857,0.0,0.022755352361068747,0.022755352361068747,0.09001287807280582,0.08058931840267222,0.005950400590267221,0.022755352361068747,0.005021572465267513,5.429916453261354e-05,5.429916453261354e-05,0.0,0.9992534314685777,5.428423783477804e-05,-1.492669783550337e-08,0.9999315135296163,False
5.2402500000000005,1,143,144,1.2832899999999854,1.2832899999999854,0.0,0.02393660236106868,0.02393660236106868,0.09003931840267224,0.08013341498253856,0.006541025590267245,0.02393660236106868,0.005021572465267513,5.4750261252418126e-05,5.4750261252418126e-05,0.0,0.9991320593164316,5.473088915609478e-05,-1.9372096323345273e-08,0.9999203216576412,False
5.29525,1,144,145,1.2931899999999854,1.2931899999999854,0.0,0.025174102361068616,0.025174102361068616,0.09003341498253851,0.07889001156240477,0.005355139210066882,0.025174102361068616,0.005021572465267513,5.522311043598372e-05,5.522311043598372e-05,0.0,0.999204204143535,5.5214629769959574e-05,-8.480666024144635e-09,0.9999271813859865,False
5.357,1,145,146,1.3043049999999854,1.3043049999999856,2.220446049250313e-16,0.02656347736106853,0.02656347736106853,0.09000501156240474,0.08395518485233784,0.006049826710066907,0.02656347736106853,0.005021572465267513,5.574999023521735e-05,5.574999023521735e-05,0.0,0.9990822711162266,5.573746836425611e-05,-1.2521870961239474e-08,0.9999160780398015,False
5.39075,1,146,147,1.3103799999999852,1.3103799999999852,0.0,0.027322852361068475,0.027322852361068475,0.09003018485233766,0.0832209831422708,0.005258950295133601,0.027322852361068475,0.005021572465267513,5.6036250855429863e-05,5.6036250855429863e-05,0.0,0.9990909981281995,5.602981265317311e-05,-6.438202256754254e-09,0.9999169484996988,False
5.4285000000000005,1,147,148,1.317174999999985,1.317174999999985,0.0,0.028172227361068423,0.028172227361068423,0.09001598314227073,0.081662718932204,0.005683637795133615,0.028172227361068423,0.005021572465267513,5.636371887276728e-05,5.636371887276728e-05,0.0,0.9989867134079381,5.635580560738004e-05,-7.913265387239437e-09,0.9999073810260103,False
5.4750000000000005,1,148,149,1.3255449999999849,1.3255449999999849,0.0,0.02921847736106836,0.02921847736106836,0.09003271893220377,0.080633204722137,0.005911450295133651,0.02921847736106836,0.005021572465267513,5.677111859794538e-05,5.677111859794538e-05,0.0,0.9990802658106015,5.676237174489754e-05,-8.746853047834533e-09,0.9999158427990378,False
5.52725,1,149,150,1.3349499999999845,1.3349499999999845,0.0,0.030394102361068286,0.030394102361068286,0.09003820472213661,0.08170800442700317,0.006499262795133671,0.030394102361068286,0.005021572465267513,5.7231471538034044e-05,5.7231471538034044e-05,0.0,0.9991266008532425,5.7220355391412104e-05,-1.1116146621939558e-08,0.9999199503892424,False
5.5735,1,150,151,1.3432749999999847,1.3432749999999847,0.0,0.03143472736106831,0.015717363680534155,0.09003300442700318,0.08066217913186968,0.0075398877951336155,0.015717363680534155,0.005021572465267513,5.764193364976914e-05,5.764193364976914e-05,0.0,0.9991790258422006,5.761935330883049e-05,-2.258034093865634e-08,0.999924307131575,False
5.6255,1,151,152,1.3526349999999847,1.3526349999999847,0.0,0.016887363680534076,0.016887363680534076,0.09002217913186966,0.07990604133673611,0.005058068897566779,0.016887363680534076,0.005021572465267513,5.81333224480245e-05,5.81333224480245e-05,0.0,0.9992892493716449,5.8127907010053856e-05,-5.415437970642976e-09,0.9999349698473619,False
5.68175,1,152,153,1.3627599999999847,1.3627599999999847,0.0,0.018152988680534006,0.018152988680534006,0.09003104133673603,0.08370734743916933,0.005281662647566817,0.018152988680534006,0.005021572465267513,5.861431896249083e-05,5.861431896249083e-05,0.0,0.9990212197779504,5.8610656267430084e-05,-3.6626950607461886e-09,0.9999106056199111,False
5.71675,1,153,154,1.3690599999999844,1.3690599999999844,0.0,0.01894048868053396,0.01894048868053396,0.09000734743916919,0.08289615354160254,0.005675412647566833,0.01894048868053396,0.005021572465267513,5.892151385208496e-05,5.892151385208496e-05,0.0,0.998980177878123,5.89172118741354e-05,-4.3019779495586394e-09,0.9999068389701188,False
5.7562500000000005,1,154,155,1.3761699999999841,1.376169999999984,-2.220446049250313e-16,0.019829238680533896,0.019829238680533896,0.09000615354160216,0.08304824089403545,0.005825881397566861,0.019829238680533896,0.005021572465267513,5.927171135987787e-05,5.927171135987787e-05,0.0,0.9990570542990805,5.9267161941625244e-05,-4.549418252628454e-09,0.9999138053505359,False
5.795,1,155,156,1.3831449999999839,1.3831449999999839,0.0,0.020701113680533848,0.020701113680533848,0.09002324089403516,0.0821934532464685,0.00626181889756688,0.020701113680533848,0.005021572465267513,5.961685635194341e-05,5.961685635194341e-05,0.0,0.9990758504511055,5.9611206149397705e-05,-5.650202545705416e-09,0.9999154530351999,False
5.8385,1,156,157,1.3909749999999832,1.3909749999999832,0.0,0.021679863680533786,0.021679863680533786,0.0900234532464681,0.08160866559890138,0.007240568897566813,0.021679863680533786,0.005021572465267513,6.0005398084630424e-05,6.0005398084630424e-05,0.0,0.9991451029652191,5.998262836566049e-05,-2.2769718969931996e-08,0.9999211566391613,False
5.88525,1,157,158,1.3993899999999833,1.3993899999999833,0.0,0.022731738680533728,0.022731738680533728,0.09002366559890149,0.08055700295133475,0.005945903420133469,0.022731738680533728,0.005021572465267513,6.0425726381083475e-05,6.0425726381083475e-05,0.0,0.9992535015353395,6.042086009164108e-05,-4.866289442397422e-09,0.9999316023531861,False
5.93775,1,158,159,1.4088399999999832,1.4088399999999832,0.0,0.023912988680533643,0.023912988680533643,0.09000700295133461,0.08009737155376781,0.006536528420133482,0.023912988680533643,0.005021572465267513,6.088712933238722e-05,6.088712933238722e-05,0.0,0.9991314983243129,6.087943277677515e-05,-7.696555612073889e-09,0.9999203697066695,False
5.993,1,159,160,1.4187849999999833,1.4187849999999833,0.0,0.025156113680533568,0.025156113680533568,0.09004237155376765,0.0788896151562008,0.005358409448783435,0.025156113680533568,0.005021572465267513,6.137312814416224e-05,6.137312814416224e-05,0.0,0.9992043043579835,6.137126684355182e-05,-1.8613006104250358e-09,0.999927235891357,False
6.05475,1,160,161,1.429899999999983,1.429899999999983,0.0,0.026545488680533483,0.026545488680533483,0.09000461515620078,0.08395151820741732,0.006053096948783459,0.026545488680533483,0.005021572465267513,6.191178430868214e-05,6.191178430868214e-05,0.0,0.9990826994178633,6.190862586686647e-05,-3.158441815663657e-09,0.999916176077142,False
6.0885,1,161,162,1.4359749999999831,1.4359749999999831,0.0,0.027304863680533444,0.027304863680533444,0.0900265182074173,0.08321404625863388,0.005259514210066718,0.027304863680533444,0.005021572465267513,6.220480123868807e-05,6.220480123868807e-05,0.0,0.9990914164254846,6.220367841373306e-05,-1.122824955015751e-09,0.9999170200219193,False
6.12625,1,162,163,1.442769999999983,1.442769999999983,0.0,0.02815423868053339,0.02815423868053339,0.0900090462586338,0.0816525118098505,0.005684201710066733,0.02815423868053339,0.005021572465267513,6.253407375085061e-05,6.253407375085061e-05,0.0,0.998986791770426,6.253237121438982e-05,-1.7025364607844507e-09,0.9999074455937261,False
6.17275,1,163,164,1.4511399999999828,1.4511399999999828,0.0,0.029200488680533328,0.029200488680533328,0.09002251180985027,0.08061972736106693,0.005912014210066774,0.029200488680533328,0.005021572465267513,6.294067937185435e-05,6.294067937185435e-05,0.0,0.9990803267237254,6.2938429623842e-05,-2.2497480123550304e-09,0.9999159093667649,False
6.2250000000000005,1,164,165,1.4605449999999824,1.4605449999999824,0.0,0.030376113680533254,0.030376113680533254,0.09002472736106655,0.08169396315099998,0.006499826710066794,0.030376113680533254,0.005021572465267513,6.340032947357021e-05,6.340032947357021e-05,0.0,0.9991266529095787,6.339643923748983e-05,-3.890236080375618e-09,0.9999200248429547,False
6.27125,1,165,166,1.4688699999999826,1.4688699999999826,0.0,0.03141673868053327,0.015708369340266634,0.09001896315099998,0.08064757394093337,0.007540451710066738,0.015708369340266634,0.005021572465267513,6.381048443571027e-05,6.381048443571027e-05,0.0,0.9991790685472838,6.380067737979809e-05,-9.80705591217758e-09,0.9999244232009283,False
6.32325,1,166,167,1.4782299999999826,1.4782299999999826,0.0,0.016878369340266555,0.016878369340266555,0.09000757394093335,0.07989087223086669,0.005058350855033338,0.016878369340266555,0.005021572465267513,6.430340825238631e-05,6.430340825238631e-05,0.0,0.999289272236059,6.430306916816875e-05,-3.390842175592752e-10,0.9999349915162768,False
6.3795,1,167,168,1.4883549999999826,1.4883549999999826,0.0,0.018143994340266485,0.018143994340266485,0.0900158722308666,0.08369189637583335,0.005281944605033379,0.018143994340266485,0.005021572465267513,6.478966401888265e-05,6.478966401888265e-05,0.0,0.9990212410756704,6.478979477991664e-05,1.3076103398581684e-10,0.9999106387028079,False
6.41475,1,168,169,1.4946999999999822,1.4946999999999822,0.0,0.01893711934026643,0.01893711934026643,0.09003689637583309,0.0829197955207999,0.0056785071050333875,0.01893711934026643,0.005021572465267513,6.509677189139339e-05,6.509677189139339e-05,0.0,0.9989811472014625,6.509651771690223e-05,-2.5417449116033226e-10,0.9999069668060017,False
6.45425,1,169,170,1.5018099999999819,1.5018099999999819,0.0,0.01982586934026638,0.01982586934026638,0.09002979552079968,0.08306597591576641,0.005828975855033426,0.01982586934026638,0.005021572465267513,6.544796282620956e-05,6.544796282620956e-05,0.0,0.9990574766243356,6.544767834646176e-05,-2.8447974779620324e-10,0.9999138840611239,False
6.493,1,170,171,1.5087849999999814,1.5087849999999814,0.0,0.020697744340266316,0.020697744340266316,0.09004097591576593,0.08220528131073274,0.0062649133550334345,0.020697744340266316,0.005021572465267513,6.579703458405426e-05,6.579703458405426e-05,0.0,0.9990762554315825,6.57959411375862e-05,-1.093446468054338e-09,0.9999155355313363,False
6.5365,1,171,172,1.5166149999999812,1.5166149999999812,0.0,0.02167649434026627,0.02167649434026627,0.09003528131073249,0.08161739920569921,0.007243663355033387,0.02167649434026627,0.005021572465267513,6.619206250524965e-05,6.619206250524965e-05,0.0,0.9991454458891056,6.618229603831296e-05,-9.766466936691814e-09,0.9999212995481289,False
6.5832500000000005,1,172,173,1.5250299999999812,1.5250299999999812,0.0,0.022728369340266195,0.022728369340266195,0.09003239920569917,0.08056264210066585,0.005945061085066579,0.022728369340266195,0.005021572465267513,6.662324605866089e-05,6.662324605866089e-05,0.0,0.9992537569390444,6.662220380134075e-05,-1.0422573201360457e-09,0.9999316543686952,False
6.63575,1,173,174,1.5344799999999812,1.5344799999999812,0.0,0.023909619340266128,0.023909619340266128,0.09001264210066587,0.08009991624563251,0.006535686085066603,0.023909619340266128,0.005021572465267513,6.709839673093078e-05,6.709839673093078e-05,0.0,0.9991313721530067,6.709561738062246e-05,-2.779350308319199e-09,0.9999203845403195,False
6.691,1,174,175,1.5444249999999808,1.5444249999999808,0.0,0.025152744340266053,0.025152744340266053,0.09004491624563235,0.08446699081811565,0.005577925427516705,0.025152744340266053,0.005021572465267513,6.759743149313626e-05,6.759743149313626e-05,0.0,0.9992041927857634,6.759814086132134e-05,7.093681850825701e-10,0.9999272574160383,False
6.72175,1,175,176,1.549959999999981,1.549959999999981,0.0,0.025844619340266016,0.025844619340266016,0.09000199081811575,0.08373219039059909,0.005705894177516738,0.025844619340266016,0.005021572465267513,6.787393819733813e-05,6.787393819733813e-05,0.0,0.9990127808269821,6.78746224627155e-05,6.842653773648675e-10,0.9999098681142903,False
6.75675,1,176,177,1.5562599999999809,1.556259999999981,2.220446049250313e-16,0.02663211934026597,0.02663211934026597,0.0900321903905991,0.08353879621308241,0.0060996441775167535,0.02663211934026597,0.005021572465267513,6.818909428890307e-05,6.818909428890307e-05,0.0,0.9990467567920998,6.818955191103255e-05,4.5762212948089256e-10,0.9999129345565954,False
6.79275,1,177,178,1.562739999999981,1.562739999999981,0.0,0.027442119340265914,0.027442119340265914,0.09001879621308224,0.08271540203556563,0.005329405542533282,0.027442119340265914,0.005021572465267513,6.851311653613709e-05,6.851311653613709e-05,0.0,0.9991041544145928,6.851399606913578e-05,8.795329986918026e-10,0.9999181656201138,False
6.8332500000000005,1,178,179,1.5700299999999807,1.5700299999999807,0.0,0.028353369340265853,0.028353369340265853,0.09000540203556537,0.08218450785804876,0.005785030542533295,0.028353369340265853,0.005021572465267513,6.887696513883164e-05,6.887696513883164e-05,0.0,0.9990081544667903,6.887750759739963e-05,5.424585679871538e-10,0.9999094041282949,False
6.87675,1,179,180,1.5778599999999805,1.5778599999999805,0.0,0.02933211934026579,0.02933211934026579,0.09001450785804851,0.08121486368053187,0.005979093042533329,0.02933211934026579,0.005021572465267513,6.926729682235626e-05,6.926729682235626e-05,0.0,0.9990848323222022,6.926751489856239e-05,2.1807620612752585e-10,0.9999163321330261,False
6.92575,1,180,181,1.58667999999998,1.5866799999999799,-2.220446049250313e-16,0.030434619340265732,0.030434619340265732,0.09003486368053158,0.08171295813799845,0.006530343042533353,0.030434619340265732,0.005021572465267513,6.970734861045755e-05,6.970734861045755e-05,0.0,0.999125881720548,6.970651959075921e-05,-8.290196983350194e-10,0.9999199640153876,False
6.972,1,181,182,1.59500499999998,1.59500499999998,0.0,0.03147524434026575,0.015737622170132876,0.09003795813799831,0.08067542759546514,0.007570968042533277,0.015737622170132876,0.005021572465267513,7.012396642484985e-05,7.012396642484985e-05,0.0,0.9991823491865865,7.011944204509638e-05,-4.524379753468146e-09,0.9999247325053204,False
7.024,1,182,183,1.6043649999999803,1.6043649999999803,0.0,0.016907622170132815,0.016907622170132815,0.09003542759546529,0.08499697482419866,0.005038452771266626,0.016907622170132815,0.005021572465267513,7.062470254859789e-05,7.062470254859789e-05,0.0,0.9992917191280821,7.062585816255305e-05,1.1556139551549159e-09,0.9999352135370927,False
7.0520000000000005,1,183,184,1.6094049999999802,1.60940499999998,-2.220446049250313e-16,0.017537622170132768,0.017537622170132768,0.09003697482419859,0.08436852205293201,0.005353452771266632,0.017537622170132768,0.005021572465267513,7.087192580360632e-05,7.087192580360632e-05,0.0,0.998908067586851,7.087300789681039e-05,1.0820932040629715e-09,0.9999003605570813,False
7.0835,1,184,185,1.61507499999998,1.61507499999998,0.0,0.01824637217013273,0.01824637217013273,0.09003852205293197,0.08397631928166539,0.005315484021266659,0.01824637217013273,0.005021572465267513,7.115131193802616e-05,7.115131193802616e-05,0.0,0.9989789636769512,7.115242377033116e-05,1.1118323050017575e-09,0.9999067987542977,False
7.117,1,185,186,1.62110499999998,1.62110499999998,0.0,0.019000122170132687,0.019000122170132687,0.09000631928166525,0.0831903665103987,0.0056923590212666735,0.019000122170132687,0.005021572465267513,7.144897553576874e-05,7.144897553576874e-05,0.0,0.9989801412671956,7.145025625655217e-05,1.2807207834265302e-09,0.9999068828951612,False
7.155,1,186,187,1.6279449999999798,1.6279449999999798,0.0,0.01985512217013264,0.01985512217013264,0.09003036651039847,0.08310613248913191,0.005844234021266707,0.01985512217013264,0.005021572465267513,7.178875876796716e-05,7.178875876796716e-05,0.0,0.9990545856154793,7.178976368103846e-05,1.0049130713083191e-09,0.9999136249311817,False
7.1935,1,187,188,1.6348749999999792,1.6348749999999792,0.0,0.020721372170132587,0.020721372170132587,0.09003613248913156,0.08224564846786506,0.0062773590212667225,0.020721372170132587,0.005021572465267513,7.21365414618287e-05,7.21365414618287e-05,0.0,0.999077552613321,7.213688781363222e-05,3.463518035199363e-10,0.9999156544534702,False
7.23675,1,188,189,1.642659999999979,1.642659999999979,0.0,0.02169449717013252,0.02169449717013252,0.0900306484678646,0.08164391444659803,0.007250484021266649,0.02169449717013252,0.005021572465267513,7.253207682656347e-05,7.253207682656347e-05,0.0,0.999146220202102,7.252723575739721e-05,-4.84106916625324e-09,0.9999213703684362,False
7.28325,1,189,190,1.651029999999979,1.651029999999979,0.0,0.022740747170132455,0.022740747170132455,0.09001391444659809,0.08058093042533152,0.005946749292533148,0.022740747170132455,0.005021572465267513,7.296548056762587e-05,7.296548056762587e-05,0.0,0.9992538345688073,7.29651380280923e-05,-3.4253953357576625e-10,0.9999316495240398,False
7.33575,1,190,191,1.6604799999999789,1.6604799999999789,0.0,0.023921997170132388,0.023921997170132388,0.09003093042533153,0.08011982140406487,0.006537374292533172,0.023921997170132388,0.005021572465267513,7.344618496107528e-05,7.344618496107528e-05,0.0,0.9991315473728577,7.344566320555182e-05,-5.217555234566943e-10,0.9999203761684412,False
7.390750000000001,1,191,192,1.6703799999999789,1.6703799999999789,0.0,0.025159497170132307,0.025159497170132307,0.09001982140406467,0.08444551689343133,0.0055743045106333424,0.025159497170132307,0.005021572465267513,7.395258089036103e-05,7.395258089036103e-05,0.0,0.9992037582652732,7.395437072562022e-05,1.7898352591965306e-09,0.9999272118991006,False
7.42175,1,192,193,1.675959999999979,1.6759599999999788,-2.220446049250313e-16,0.025856997170132276,0.025856997170132276,0.0900255168934315,0.08375371238279819,0.005706492010633376,0.025856997170132276,0.005021572465267513,7.423726592436878e-05,7.423726592436878e-05,0.0,0.9990130668212608,7.423902005277924e-05,1.7541284104638727e-09,0.9999098940346259,False
7.4565,1,193,194,1.6822149999999787,1.6822149999999787,0.0,0.026638872170132225,0.026638872170132225,0.09000871238279815,0.08352034537216482,0.006097429510633388,0.026638872170132225,0.005021572465267513,7.455608947783411e-05,7.455608947783411e-05,0.0,0.9990459888862502,7.455765926772548e-05,1.569789891364649e-09,0.9999128649403604,False
7.4925,1,194,195,1.6886949999999785,1.6886949999999787,2.220446049250313e-16,0.027448872170132168,0.027448872170132168,0.09000034537216466,0.0827019783615314,0.005327437146266562,0.027448872170132168,0.005021572465267513,7.488727588379707e-05,7.488727588379707e-05,0.0,0.9991038376136011,7.488898630190189e-05,1.7104181048252119e-09,0.9999181258811809,False
7.53325,1,195,196,1.6960299999999782,1.6960299999999784,2.220446049250313e-16,0.028365747170132113,0.028365747170132113,0.0900369783615312,0.08221267385089794,0.005785874646266579,0.028365747170132113,0.005021572465267513,7.526359440533915e-05,7.526359440533915e-05,0.0,0.9990087054504369,7.526498789209794e-05,1.3934867587898827e-09,0.9999094425805866,False
7.5767500000000005,1,196,197,1.7038599999999782,1.7038599999999782,0.0,0.02934449717013205,0.02934449717013205,0.0900426738508977,0.08123961934026441,0.005979937146266614,0.02934449717013205,0.005021572465267513,7.566605898771145e-05,7.566605898771145e-05,0.0,0.9990849165554382,7.566696889763524e-05,9.099099237882277e-10,0.9999163224423128,False
7.6255,1,197,198,1.712634999999978,1.712634999999978,0.0,0.030441372170131986,0.030441372170131986,0.09001461934026406,0.08169468219399764,0.006528374646266634,0.030441372170131986,0.005021572465267513,7.611749121106692e-05,7.611749121106692e-05,0.0,0.9991252608399334,7.611730823380349e-05,-1.8297726342723832e-10,0.9999198799137075,False
7.67175,1,198,199,1.7209599999999778,1.720959999999978,2.220446049250313e-16,0.03148199717013203,0.015740998585066016,0.09001968219399768,0.08065912004773121,0.007568999646266578,0.015740998585066016,0.005021572465267513,7.65458049390405e-05,7.65458049390405e-05,0.0,0.9991821047403772,7.654364293008989e-05,-2.1620089506115166e-09,0.999924656291206,False
7.72375,1,199,200,1.7303199999999779,1.7303199999999779,0.0,0.016910998585065937,0.016910998585065937,0.0900191200477312,0.08498305772459794,0.005036062323133264,0.016910998585065937,0.005021572465267513,7.706061098874732e-05,7.706061098874732e-05,0.0,0.9992915218413058,7.706250374051892e-05,1.8927517715991568e-09,0.9999351723193257,False
7.75175,1,200,201,1.7353599999999778,1.7353599999999778,0.0,0.01754099858506589,0.01754099858506589,0.09002305772459787,0.08435699540146464,0.00535106232313327,0.01754099858506589,0.005021572465267513,7.731187181383603e-05,7.731187181383603e-05,0.0,0.9989075739229357,7.73136941544592e-05,1.822340623170468e-09,0.9999002995778973,False
7.78325,1,201,202,1.7410299999999777,1.7410299999999777,0.0,0.018249748585065853,0.018249748585065853,0.09002699540146462,0.0839671830783314,0.005313093573133298,0.018249748585065853,0.005021572465267513,7.759723686081065e-05,7.759723686081065e-05,0.0,0.998978529717561,7.75990585574742e-05,1.8216966635533922e-09,0.9999067424919031,False
7.817,1,202,203,1.7471049999999777,1.7471049999999777,0.0,0.019009123585065815,0.019009123585065815,0.0900421830783313,0.0832229957551981,0.005692781073133316,0.019009123585065815,0.005021572465267513,7.790684651636054e-05,7.790684651636054e-05,0.0,0.9989806543983988,7.790858011501733e-05,1.7335986567855672e-09,0.9999069131870013,False
7.85475,1,203,204,1.7538999999999774,1.7538999999999771,-2.220446049250313e-16,0.019858498585065762,0.019858498585065762,0.09001799575519784,0.08309615218206463,0.005843249823133348,0.019858498585065762,0.005021572465267513,7.825516964845135e-05,7.825516964845135e-05,0.0,0.9990538042921417,7.825685273859139e-05,1.6830901400371892e-09,0.999913534103303,False
7.89325,1,204,205,1.760829999999977,1.760829999999977,0.0,0.02072474858506571,0.02072474858506571,0.09002615218206428,0.08223805860893113,0.006276374823133363,0.02072474858506571,0.005021572465267513,7.861039625291734e-05,7.861039625291734e-05,0.0,0.9990773867216918,7.86116325498535e-05,1.2362969361624527e-09,0.9999156129783198,False
7.9365000000000006,1,205,206,1.7686149999999767,1.7686149999999767,0.0,0.02169787358506564,0.02169787358506564,0.09002305860893067,0.08164152753579748,0.007249499823133289,0.02169787358506564,0.005021572465267513,7.901181750383506e-05,7.901181750383506e-05,0.0,0.9991460724023733,7.900851442041973e-05,-3.303083415332332e-09,0.9999212924321884,False
7.9830000000000005,1,206,207,1.7769849999999767,1.7769849999999767,0.0,0.022744123585065577,0.022744123585065577,0.09001152753579753,0.08058374646266431,0.005947593396266429,0.022744123585065577,0.005021572465267513,7.945263197880183e-05,7.945263197880183e-05,0.0,0.9992537135345904,7.945336811255418e-05,7.361337523434982e-10,0.9999316024658993,False
8.0355,1,207,208,1.7864349999999765,1.7864349999999765,0.0,0.023925373585065673,0.023925373585065673,0.0900337464626641,0.08012362163953088,0.006538218396266411,0.023925373585065673,0.005021572465267513,7.993723119020601e-05,7.993723119020601e-05,0.0,0.9991316164578713,7.993705313765613e-05,-1.780525498768686e-10,0.9999203304168277,False
8.0905,1,208,209,1.796334999999976,1.796334999999976,0.0,0.025162873585065842,0.025162873585065842,0.09002362163953043,0.08444980922796387,0.005573812411566559,0.025162873585065842,0.005021572465267513,8.045038137559844e-05,8.045038137559844e-05,0.0,0.9992038101298106,8.045242619445994e-05,2.0448188615035433e-09,0.9999271934973233,False
8.121500000000001,1,209,210,1.8019149999999757,1.8019149999999757,0.0,0.025860373585065953,0.025860373585065953,0.09002980922796378,0.08375849681639724,0.005705999911566557,0.025860373585065953,0.005021572465267513,8.074059148586215e-05,8.074059148586215e-05,0.0,0.9990129579828632,8.07425679116846e-05,1.9764258224550923e-09,0.9999098640505548,False
8.15625,1,210,211,1.8081699999999756,1.8081699999999756,0.0,0.02664224858506604,0.02664224858506604,0.0900134968163968,0.08352562190483032,0.00609693741156652,0.02664224858506604,0.005021572465267513,8.106478605156994e-05,8.106478605156994e-05,0.0,0.9990458850529543,8.106662776854125e-05,1.8417169713120032e-09,0.9999128334675383,False
8.19225,1,211,212,1.8146499999999754,1.8146499999999754,0.0,0.027452248585066185,0.027452248585066185,0.0900056219048303,0.08270774699326384,0.005327859198133069,0.027452248585066185,0.005021572465267513,8.140014395309584e-05,8.140014395309584e-05,0.0,0.9991037418027586,8.140216130671762e-05,2.017353621785599e-09,0.9999180899664857,False
8.233,1,212,213,1.8219849999999749,1.8219849999999749,0.0,0.028369123585066297,0.028369123585066297,0.0900427469932634,0.08221893458169699,0.0057862966981330295,0.028369123585066297,0.005021572465267513,8.178101088969891e-05,8.178101088969891e-05,0.0,0.9990087399648618,8.178281867139067e-05,1.8077816917581348e-09,0.9999094144118107,False
8.276250000000001,1,213,214,1.8297699999999748,1.8297699999999746,-2.220446049250313e-16,0.029342248585066445,0.029342248585066445,0.09000393458169675,0.08120699717013038,0.005977546698133031,0.029342248585066445,0.005021572465267513,8.218705921433994e-05,8.218705921433994e-05,0.0,0.9990841794779011,8.218859333835507e-05,1.5341240151335329e-09,0.9999162173439637,False
8.32525,1,214,215,1.8385899999999742,1.8385899999999742,0.0,0.03044474858506659,0.03044474858506659,0.09002699717012996,0.0817066379719971,0.006528796698132989,0.03044474858506659,0.005021572465267513,8.264937420146055e-05,8.264937420146055e-05,0.0,0.9991256269785206,8.265009418481269e-05,7.199833521395619e-10,0.9999198632808806,False
8.371500000000001,1,215,216,1.846914999999974,1.8469149999999743,2.220446049250313e-16,0.0314853735850668,0.0157426867925334,0.09003163797199693,0.08067065377386412,0.007569421698132933,0.0157426867925334,0.005021572465267513,8.30861378120099e-05,8.30861378120099e-05,0.0,0.9991821158996181,8.308490302169798e-05,-1.2347903119235655e-09,0.9999245743136581,False
8.4235,1,216,217,1.856274999999974,1.856274999999974,0.0,0.016912686792533556,0.016912686792533556,0.09003065377386392,0.08499438042479754,0.005036273349066376,0.016912686792533556,0.005021572465267513,8.361219742230002e-05,8.361219742230002e-05,0.0,0.9992915177272393,8.361430839881403e-05,2.110976514007072e-09,0.9999351398976519,False
8.4515,1,217,218,1.8613149999999739,1.861314999999974,2.220446049250313e-16,0.017542686792533655,0.017542686792533655,0.09003438042479756,0.08436810707573121,0.00535127334906636,0.017542686792533655,0.005021572465267513,8.386713475397491e-05,8.386713475397491e-05,0.0,0.9989075807868969,8.386919582399796e-05,2.061070023052819e-09,0.9999002719322948,False
8.483,1,218,219,1.8669849999999737,1.8669849999999737,0.0,0.018251436792533743,0.018251436792533743,0.09003810707573104,0.08397808372666472,0.005314710849066357,0.018251436792533743,0.005021572465267513,8.415511220915697e-05,8.415511220915697e-05,0.0,0.9989785320308393,8.415715967167776e-05,2.0474625207886257e-09,0.9999067129412522,False
8.5165,1,219,220,1.8730149999999737,1.8730149999999737,0.0,0.01900518679253385,0.01900518679253385,0.09000808372666466,0.0831943103775984,0.005691585849066334,0.01900518679253385,0.005021572465267513,8.446546546126075e-05,8.446546546126075e-05,0.0,0.9989799483030903,8.446745376452041e-05,1.988303259667021e-09,0.9999068164733598,False
8.5545,1,220,221,1.8798549999999736,1.8798549999999736,0.0,0.019860186792533978,0.019860186792533978,0.09003431037759836,0.0831108495285321,0.005843460849066329,0.019860186792533978,0.005021572465267513,8.482196754606556e-05,8.482196754606556e-05,0.0,0.9990544118349117,8.482396637575683e-05,1.998829691267855e-09,0.999913553281268,False
8.593,1,221,222,1.8867849999999733,1.8867849999999735,2.220446049250313e-16,0.02072643679253408,0.02072643679253408,0.09004084952853184,0.08225113867946565,0.006276585849066291,0.02072643679253408,0.005021572465267513,8.518435427795706e-05,8.518435427795706e-05,0.0,0.9990773832196446,8.518607067481297e-05,1.7163968559158818e-09,0.9999155692207395,False
8.63625,1,222,223,1.8945699999999732,1.8945699999999732,0.0,0.02169956179253423,0.02169956179253423,0.09003613867946564,0.08165017783039949,0.007249710849066237,0.02169956179253423,0.005021572465267513,8.559287338491634e-05,8.559287338491634e-05,0.0,0.9991460643131255,8.559182875826486e-05,-1.044626651483917e-09,0.9999212002568599,False
8.68275,1,223,224,1.902939999999973,1.902939999999973,0.0,0.022745811792534376,0.022745811792534376,0.09002017783039915,0.08058796698133307,0.0059480154481335226,0.022745811792534376,0.005021572465267513,8.604140672919824e-05,8.604140672919824e-05,0.0,0.9992536997891336,8.604269082623847e-05,1.2840970402337552e-09,0.9999315539724455,False
8.73525,1,224,225,1.9123899999999725,1.9123899999999727,2.220446049250313e-16,0.023927061792534548,0.023927061792534548,0.09003796698133272,0.08012763113226666,0.006538640448133486,0.023927061792534548,0.005021572465267513,8.653049279449107e-05,8.653049279449107e-05,0.0,0.9991316339182871,8.653115186213474e-05,6.590676436676532e-10,0.9999202716216915,False
8.79025,1,225,226,1.9222899999999723,1.9222899999999723,0.0,0.025164561792534717,0.025164561792534717,0.09002763113226622,0.08445371320773323,0.005573917924532984,0.025164561792534717,0.005021572465267513,8.704752053125648e-05,8.704752053125648e-05,0.0,0.9992038186245017,8.704971157037986e-05,2.1910391233813126e-09,0.9999271624193862,False
8.821250000000001,1,226,227,1.9278699999999722,1.927869999999972,-2.220446049250313e-16,0.025862061792534828,0.025862061792534828,0.09003371320773312,0.08376229528320017,0.005706105424532987,0.025862061792534828,0.005021572465267513,8.734044228931962e-05,8.734044228931962e-05,0.0,0.9990129428554263,8.734259997229424e-05,2.1576829746191607e-09,0.999909831416652,False
8.856,1,227,228,1.934124999999972,1.934124999999972,0.0,0.026643936792534954,0.026643936792534954,0.09001729528320004,0.0835293148586671,0.00609704292453297,0.026643936792534954,0.005021572465267513,8.766819641895308e-05,8.766819641895308e-05,0.0,0.999045868773733,8.767027827343002e-05,2.081854476936279e-09,0.9999127972002988,False
8.892,1,228,229,1.9406049999999717,1.9406049999999717,0.0,0.02745393679253506,0.02745393679253506,0.09000931485866676,0.08271133443413387,0.005328070224066616,0.02745393679253506,0.005021572465267513,8.800767247375921e-05,8.800767247375921e-05,0.0,0.9991037231911918,8.800980815392569e-05,2.135680166474364e-09,0.999918052251877,False
8.932500000000001,1,229,230,1.9478949999999713,1.9478949999999715,2.220446049250313e-16,0.028365186792535184,0.028365186792535184,0.09000133443413355,0.08218304150960071,0.005783695224066583,0.028365186792535184,0.005021572465267513,8.839004607624342e-05,8.839004607624342e-05,0.0,0.9990078471330339,8.839209495231773e-05,2.0488760743076536e-09,0.9999092916050466,False
8.976,1,230,231,1.955724999999971,1.9557249999999713,2.220446049250313e-16,0.02934393679253532,0.02934393679253532,0.09001304150960036,0.08121599858506759,0.005977757724066568,0.02934393679253532,0.005021572465267513,8.880235404289459e-05,8.880235404289459e-05,0.0,0.9990845551989461,8.880421328191241e-05,1.8592390178156278e-09,0.999916203985748,False
9.025,1,231,232,1.9645449999999705,1.9645449999999705,0.0,0.030446436792535465,0.030446436792535465,0.09003599858506715,0.08171542836100076,0.006529007724066526,0.030446436792535465,0.005021572465267513,8.92693407269849e-05,8.92693407269849e-05,0.0,0.9991256189432567,8.927065444204175e-05,1.3137150568505018e-09,0.9999198056198892,False
9.071250000000001,1,232,233,1.9728699999999706,1.9728699999999704,-2.220446049250313e-16,0.03148706179253567,0.015743530896267836,0.09004042836100057,0.08067923313693423,0.007569632724066471,0.015743530896267836,0.005021572465267513,8.971153741368297e-05,8.971153741368297e-05,0.0,0.9991821039280525,8.971149295870555e-05,-4.4454977418954995e-11,0.9999244910560784,False
9.12325,1,233,234,1.9822299999999702,1.9822299999999702,0.0,0.016913530896267993,0.016913530896267993,0.09003923313693403,0.08500144802490088,0.005037785112033145,0.016913530896267993,0.005021572465267513,9.024752276934443e-05,9.024752276934443e-05,0.0,0.9992914995769262,9.024972952720992e-05,2.206757865485143e-09,0.9999351040829434,False
9.151250000000001,1,234,235,1.9872699999999701,1.9872699999999703,2.220446049250313e-16,0.017543530896268093,0.017543530896268093,0.0900414480249009,0.08437366291286778,0.00535278511203313,0.017543530896268093,0.005021572465267513,9.05069916167458e-05,9.05069916167458e-05,0.0,0.9989078396530431,9.050916991164943e-05,2.1782949036257488e-09,0.9999002614678746,False
9.18275,1,235,236,1.99293999999997,1.99293999999997,0.0,0.01825228089626818,0.01825228089626818,0.0900436629128676,0.08398212780083453,0.0053148163620331266,0.01825228089626818,0.005021572465267513,9.080126132522742e-05,9.080126132522742e-05,0.0,0.998978754479665,9.080337263199624e-05,2.1113067688192846e-09,0.9999066975536534,False
9.21625,1,236,237,1.99896999999997,1.99896999999997,0.0,0.01900603089626829,0.01900603089626829,0.09001212780083445,0.08319684268880143,0.005691691362033103,0.01900603089626829,0.005021572465267513,9.111670932062295e-05,9.111670932062295e-05,0.0,0.9989799331682515,9.111886895932296e-05,2.1596387000092808e-09,0.9999067751152882,False
9.25425,1,237,238,2.00580999999997,2.00580999999997,0.0,0.019861030896268415,0.019861030896268415,0.09003684268880138,0.08311327632676835,0.0058435663620330985,0.019861030896268415,0.005021572465267513,9.147882876223096e-05,9.147882876223096e-05,0.0,0.9990543936474847,9.148098379882253e-05,2.1550365915742756e-09,0.9999135074171953,False
9.29275,1,238,239,2.0127399999999698,2.0127399999999698,0.0,0.020727280896268557,0.020727280896268557,0.09004327632676842,0.08225345996473543,0.00627669136203308,0.020727280896268557,0.005021572465267513,9.184785106179015e-05,9.184785106179015e-05,0.0,0.9990773639855299,9.184988969160405e-05,2.0386298138974288e-09,0.999915516825299,False
9.336,1,239,240,2.02052499999997,2.02052499999997,0.0,0.021700405896268666,0.021700405896268666,0.09003845996473508,0.08165239360270216,0.007249816362032986,0.021700405896268666,0.005021572465267513,9.22658487358994e-05,9.22658487358994e-05,0.0,0.9991460432468703,9.226620526318033e-05,3.565272809239687e-10,0.9999211102091242,False
9.3825,1,240,241,2.0288949999999693,2.0288949999999693,0.0,0.022746655896268814,0.022746655896268814,0.09002239360270184,0.08059007724066898,0.005948226474067132,0.022746655896268814,0.005021572465267513,9.272612640586258e-05,9.272612640586258e-05,0.0,0.9992536770771289,9.272785942273615e-05,1.7330168735745508e-09,0.9999315032074428,False
9.435,1,241,242,2.038344999999969,2.038344999999969,0.0,0.023927905896268985,0.023927905896268985,0.09004007724066863,0.08012963587863581,0.0065388514740670955,0.023927905896268985,0.005021572465267513,9.322448385978853e-05,9.322448385978853e-05,0.0,0.999131626949846,9.322592375294415e-05,1.439893155622267e-09,0.9999202166114184,False
9.49,1,242,243,2.0482449999999686,2.0482449999999686,0.0,0.025165405896269154,0.025165405896269154,0.09002963587863536,0.08445566519761899,0.005573970681016369,0.025165405896269154,0.005021572465267513,9.375106831254333e-05,9.375106831254333e-05,0.0,0.9992038075641805,9.375334134961404e-05,2.2730370707131544e-09,0.9999271260084154,False
9.521,1,243,244,2.0538249999999687,2.0538249999999687,0.0,0.025862905896269266,0.025862905896269266,0.09003566519761888,0.08376419451660254,0.005706158181016362,0.025862905896269266,0.005021572465267513,9.404816016902548e-05,9.404816016902548e-05,0.0,0.9990129204323168,9.405039257590911e-05,2.2324068836321624e-09,0.9999097922308847,False
9.55575,1,244,245,2.060079999999968,2.060079999999968,0.0,0.026644780896269392,0.026644780896269392,0.09001919451660242,0.0835311613355861,0.006097095681016344,0.026644780896269392,0.005021572465267513,9.437937914336659e-05,9.437937914336659e-05,0.0,0.9990458455470017,9.438152578844702e-05,2.146645080428381e-09,0.9999127537338971,False
9.59175,1,245,246,2.066559999999968,2.066559999999968,0.0,0.027454780896269498,0.027454780896269498,0.09001116133558576,0.08271312815456949,0.0053281757370334205,0.027454780896269498,0.005021572465267513,9.472196843496752e-05,9.472196843496752e-05,0.0,0.9991036985053182,9.472422497748915e-05,2.2565425216326124e-09,0.9999180103634531,False
9.63225,1,246,247,2.0738499999999678,2.0738499999999678,0.0,0.02836603089626962,0.02836603089626962,0.09000312815456916,0.08218478247355296,0.005783800737033388,0.02836603089626962,0.005021572465267513,9.510793181708142e-05,9.510793181708142e-05,0.0,0.9990078318774535,9.511011663131997e-05,2.1848142385565887e-09,0.9999092458155556,False
9.67575,1,247,248,2.0816799999999676,2.0816799999999676,0.0,0.029344780896269757,0.029344780896269757,0.09001478247355262,0.08121768679253646,0.005977863237033373,0.029344780896269757,0.005021572465267513,9.552352740348303e-05,9.552352740348303e-05,0.0,0.9990845369399003,9.552563115402321e-05,2.1037505401865766e-09,0.9999161547441097,False
9.72475,1,248,249,2.0904999999999667,2.0904999999999667,0.0,0.030447280896269902,0.030447280896269902,0.09003768679253603,0.08171701105550283,0.006529113237033331,0.030447280896269902,0.005021572465267513,9.599356506517857e-05,9.599356506517857e-05,0.0,0.9991255992082431,9.599535660611576e-05,1.7915409371944621e-09,0.999919752559747,False
9.771,1,249,250,2.098824999999967,2.098824999999967,0.0,0.03148790589627011,0.015743952948135055,0.09004201105550264,0.08068071031846949,0.007569738237033275,0.015743952948135055,0.005021572465267513,9.64385827781151e-05,9.64385827781151e-05,0.0,0.9991820825589778,9.643947356353664e-05,8.907854215405497e-10,0.9999244287598312,False
9.823,1,250,251,2.1081849999999664,2.1081849999999664,0.0,0.016913952948135212,0.016913952948135212,0.09004071031846929,0.08500287244995275,0.005037837868516548,0.016913952948135212,0.005021572465267513,9.697508111200748e-05,9.697508111200748e-05,0.0,0.9992914772001213,9.697732778498349e-05,2.2466729760085976e-09,0.9999350686247953,False
9.851,1,251,252,2.1132249999999666,2.1132249999999666,0.0,0.01754395294813531,0.01754395294813531,0.09004287244995277,0.08437503458143625,0.005352837868516532,0.01754395294813531,0.005021572465267513,9.72363520651397e-05,9.72363520651397e-05,0.0,0.9989078196898793,9.723854684389476e-05,2.1947787550596377e-09,0.9999002234518044,False
9.88225,1,252,253,2.1188499999999664,2.1188499999999664,0.0,0.01824707794813541,0.01824707794813541,0.09000003458143616,0.08394407171291968,0.005312056618516536,0.01824707794813541,0.005021572465267513,9.753009602901029e-05,9.753009602901029e-05,0.0,0.9989777844782111,9.753251278190792e-05,2.416752897631269e-09,0.9999065715575141,False
9.916,1,253,254,2.1249249999999664,2.1249249999999664,0.0,0.019006452948135508,0.019006452948135508,0.09001907171291951,0.08320373384440308,0.005691744118516505,0.019006452948135508,0.005021572465267513,9.785057575949038e-05,9.785057575949038e-05,0.0,0.9989803833472147,9.785269586526633e-05,2.120105775942245e-09,0.9999067746306705,False
9.954,1,254,255,2.1317649999999664,2.1317649999999664,0.0,0.019861452948135634,0.019861452948135634,0.09004373384440303,0.0831173022258866,0.005843619118516501,0.019861452948135634,0.005021572465267513,9.821499437635486e-05,9.821499437635486e-05,0.0,0.9990543695627272,9.821718522277455e-05,2.1908464196859724e-09,0.9999134612931673,False
9.99225,1,255,256,2.1386499999999664,2.1386499999999664,0.0,0.02072207794813575,0.02072207794813575,0.09000230222588645,0.08221524560737009,0.006273931618516469,0.02072207794813575,0.005021572465267513,9.85822190642982e-05,9.85822190642982e-05,0.0,0.9990765649320241,9.858439980116036e-05,2.1807368621670504e-09,0.9999153967050909,False
10.0355,1,256,257,2.146434999999966,2.1464349999999657,-4.440892098500626e-16,0.021695202948135896,0.021695202948135896,0.09000024560737008,0.08161975148885373,0.007247056618516415,0.021695202948135896,0.005021572465267513,9.900212241401583e-05,9.900212241401583e-05,0.0,0.9991456857099642,9.900341926254696e-05,1.2968485311369788e-09,0.9999210144543019,False
10.08225,1,257,258,2.154849999999966,2.154849999999965,-8.881784197001252e-16,0.022747077948136032,0.022747077948136032,0.09003475148885329,0.08060238237033704,0.005949738237033933,0.022747077948136032,0.005021572465267513,9.946984227460281e-05,9.946984227460281e-05,0.0,0.9992539033253517,9.947181346232888e-05,1.9711877260672472e-09,0.9999314811924682,False
10.134500000000001,1,258,259,2.164254999999965,2.164254999999965,0.0,0.023922702948136216,0.023922702948136216,0.09000738237033681,0.08010251325182055,0.006537550737033903,0.023922702948136216,0.005021572465267513,9.997259026673767e-05,9.997259026673767e-05,0.0,0.9991310949658313,9.997443056189415e-05,1.840295156484129e-09,0.999920128470011,False
10.1895,1,259,260,2.174154999999965,2.174154999999965,0.0,0.025160202948136385,0.025160202948136385,0.09000251325182013,0.08443132869256204,0.005571184559258077,0.025160202948136385,0.005021572465267513,0.00010050705506681189,0.00010050705506681189,0.0,0.9992036444372779,0.00010050939914161499,2.3440748031045098e-09,0.9999270750545222,False
10.2205,1,260,261,2.1797349999999645,2.1797349999999645,0.0,0.025857702948136496,0.025857702948136496,0.09001132869256193,0.08374264413330387,0.005704778309258076,0.025857702948136496,0.005021572465267513,0.00010080881045203003,0.00010080881045203003,0.0,0.9990124524226532,0.00010081105789797767,2.247445947633998e-09,0.9999097103591285,False
10.2555,1,261,262,2.186034999999965,2.1860349999999644,-4.440892098500626e-16,0.02664520294813661,0.02664520294813661,0.09004264413330365,0.08355036582404562,0.006098528309258052,0.02664520294813661,0.005021572465267513,0.00010114754771134573,0.00010114754771134573,0.0,0.9990464395252784,0.00010114965274186204,2.105030516311667e-09,0.999912765316716,False
10.291500000000001,1,262,263,2.192514999999964,2.1925149999999642,4.440892098500626e-16,0.027455202948136716,0.027455202948136716,0.09003036582404528,0.08272808751478733,0.005328931618516821,0.027455202948136716,0.005021572465267513,0.00010149399995757334,0.00010149399995757334,0.0,0.9991038541247924,0.00010149621618336298,2.216225789637618e-09,0.9999179859138878,False
10.332,1,263,264,2.199804999999964,2.199804999999964,0.0,0.02836645294813684,0.02836645294813684,0.09001808751478699,0.08219830920552906,0.005784556618516789,0.02836645294813684,0.005021572465267513,0.00010188451835218899,0.00010188451835218899,0.0,0.9990079215909589,0.00010188676392290052,2.245570711529362e-09,0.9999092130280702,False
10.3755,1,264,265,2.2076349999999634,2.2076349999999634,0.0,0.029345202948136976,0.029345202948136976,0.09002830920552873,0.08122978089627088,0.00598002536851677,0.029345202948136976,0.005021572465267513,0.0001023049594208821,0.0001023049594208821,0.0,0.9990846088143648,0.00010230719374041921,2.2343195371123115e-09,0.9999161209468819,False
10.42425,1,265,266,2.2164099999999634,2.2164099999999634,0.0,0.030442077948137133,0.030442077948137133,0.09000478089627054,0.08168897427775391,0.006528462868516735,0.030442077948137133,0.005021572465267513,0.00010277791048271892,0.00010277791048271892,0.0,0.9991251414068629,0.00010277996779602453,2.0573133056086407e-09,0.99991967343893,False
10.4705,1,266,267,2.2247349999999626,2.2247349999999626,0.0,0.03148270294813734,0.01574135147406867,0.09001397427775373,0.08065754265923719,0.007569087868516679,0.01574135147406867,0.005021572465267513,0.00010322662090564975,0.00010322662090564975,0.0,0.9991819827584764,0.00010322822314275318,1.6022371034367811e-09,0.9999243904003916,False
10.5225,1,267,268,2.2340949999999626,2.2340949999999626,0.0,0.016911351474068827,0.016911351474068827,0.09001754265923698,0.08498213934997872,0.005035403309258255,0.016911351474068827,0.005021572465267513,0.00010376374745286202,0.00010376374745286202,0.0,0.9992913976200893,0.00010376603866669862,2.2912138366052923e-09,0.9999350300872888,False
10.5505,1,268,269,2.239134999999963,2.239134999999963,0.0,0.017541351474068927,0.017541351474068927,0.09002213934997874,0.08435673604072051,0.00535040330925824,0.017541351474068927,0.005021572465267513,0.00010402888357632177,0.00010402888357632177,0.0,0.9989073225631984,0.00010403119325675024,2.309680428467728e-09,0.9999001426602581,False
10.582,1,269,270,2.2448049999999626,2.244804999999962,-4.440892098500626e-16,0.018250101474069014,0.018250101474069014,0.09002673604072034,0.08396758273146215,0.005313137684258234,0.018250101474069014,0.005021572465267513,0.0001043279484972177,0.0001043279484972177,0.0,0.998978293856932,0.0001043305933384426,2.6448412248958374e-09,0.9999065817713724,False
10.61575,1,270,271,2.2508799999999622,2.2508799999999622,0.0,0.01900947647406911,0.01900947647406911,0.09004258273146198,0.08322405442220386,0.005692825184258204,0.01900947647406911,0.005021572465267513,0.00010465463941318529,0.00010465463941318529,0.0,0.9989805361772486,0.00010465678172018878,2.1423070034929477e-09,0.9999067508502416,False
10.653500000000001,1,271,272,2.2576749999999626,2.2576749999999626,0.0,0.01985885147406925,0.01985885147406925,0.09001905442220393,0.08309716673794579,0.005843293934258202,0.01985885147406925,0.005021572465267513,0.00010502062299754963,0.00010502062299754963,0.0,0.999053684137218,0.00010502303460933452,2.4116117848895814e-09,0.999913361492704,False
10.692,1,272,273,2.2646049999999622,2.2646049999999622,0.0,0.020725101474069352,0.020725101474069352,0.09002716673794553,0.08223902905368746,0.006276418934258164,0.020725101474069352,0.005021572465267513,0.00010539499773150713,0.00010539499773150713,0.0,0.9990772652590829,0.00010539728665968483,2.2889281777062733e-09,0.9999154242483493,False
10.73525,1,273,274,2.272389999999962,2.272389999999962,0.0,0.0216982264740695,0.0216982264740695,0.09002402905368743,0.0816424538694294,0.00724954393425811,0.0216982264740695,0.005021572465267513,0.00010581738524873148,0.00010581738524873148,0.0,0.9991459499157718,0.00010581918425982441,1.7990110929276028e-09,0.999921011741523,False
10.78175,1,274,275,2.2807599999999617,2.2807599999999617,0.0,0.022744476474069648,0.022744476474069648,0.09001245386942906,0.0805846286851711,0.0059476816185173404,0.022744476474069648,0.005021572465267513,0.00010628392729911294,0.00010628392729911294,0.0,0.999253592684208,0.00010628617874683217,2.2514477192314697e-09,0.999931422686816,False
10.83425,1,275,276,2.2902099999999614,2.2902099999999614,0.0,0.02392572647406982,0.02392572647406982,0.09003462868517076,0.08012445975091283,0.006538306618517304,0.02392572647406982,0.005021572465267513,0.00010679326597941341,0.00010679326597941341,0.0,0.9991315017848849,0.00010679543023568269,2.1642562692756858e-09,0.9999201440202037,False
10.88925,1,276,277,2.300109999999961,2.300109999999961,0.0,0.02516322647406999,0.02516322647406999,0.09002445975091239,0.08445062528378347,0.005573834467128921,0.02516322647406999,0.005021572465267513,0.00010733364447025395,0.00010733364447025395,0.0,0.9992036951348577,0.00010733603576210206,2.391291848116337e-09,0.9999270463053199,False
10.92025,1,277,278,2.305689999999961,2.3056899999999607,-4.440892098500626e-16,0.0258607264740701,0.0258607264740701,0.09003062528378335,0.08375929081665447,0.005706021967128924,0.0258607264740701,0.005021572465267513,0.00010763938283836712,0.00010763938283836712,0.0,0.9990128418760238,0.00010764169934662409,2.3165082569721364e-09,0.9999097091629615,False
10.955,1,278,279,2.3119449999999606,2.3119449999999606,0.0,0.026642601474070188,0.026642601474070188,0.09001429081665402,0.08352639384952518,0.006096959467128887,0.026642601474070188,0.005021572465267513,0.00010797967838277456,0.00010797967838277456,0.0,0.9990457682169647,0.00010798200425991073,2.3258771361661787e-09,0.999912666794519,False
10.991,1,279,280,2.3184249999999604,2.3184249999999604,0.0,0.02745260147407033,0.02745260147407033,0.09000639384952516,0.08270849688239633,0.005327903309258525,0.02745260147407033,0.005021572465267513,0.0001083300245363639,0.0001083300245363639,0.0,0.999103623099207,0.00010833207069279769,2.0461564337955103e-09,0.9999179323355579,False
11.03175,1,280,281,2.32575999999996,2.32575999999996,0.0,0.028369476474070444,0.028369476474070444,0.0900434968823959,0.08221966241526711,0.005786340809258486,0.028369476474070444,0.005021572465267513,0.00010872539864885535,0.00010872539864885535,0.0,0.9990086239242867,0.00010872770974012776,2.3110912724028966e-09,0.9999092449521563,False
11.075000000000001,1,281,282,2.33354499999996,2.33354499999996,0.0,0.02934260147407059,0.02934260147407059,0.09000466241526689,0.08120770294813814,0.005977590809258477,0.02934260147407059,0.005021572465267513,0.00010914538544294996,0.00010914538544294996,0.0,0.9990840615481893,0.00010914773617664908,2.3507336991139723e-09,0.9999160431347733,False
11.124,1,282,283,2.342364999999959,2.342364999999959,0.0,0.030445101474070736,0.030445101474070736,0.09002770294813771,0.08170729963887939,0.006528840809258435,0.030445101474070736,0.005021572465267513,0.00010962343767578623,0.00010962343767578623,0.0,0.9991255088337843,0.000109625687304874,2.249629087777271e-09,0.9999196866020903,False
11.17025,1,283,284,2.3506899999999593,2.3506899999999593,0.0,0.03148572647407094,0.01574286323703547,0.09003229963887921,0.08067127132962096,0.007569465809258379,0.01574286323703547,0.005021572465267513,0.00011007489901032024,0.00011007489901032024,0.0,0.9991819979781069,0.00011007686698037967,1.967970059428472e-09,0.9999243929588547,False
11.22225,1,284,285,2.3600499999999593,2.3600499999999593,0.0,0.016912863237035627,0.016912863237035627,0.09003127132962076,0.08499497592499165,0.005036295404629103,0.016912863237035627,0.005021572465267513,0.00011061066453315592,0.00011061066453315592,0.0,0.999291404812525,0.00011061304556298906,2.3810298331372387e-09,0.9999350032913451,False
11.25025,1,285,286,2.3650899999999586,2.3650899999999586,0.0,0.017542863237035727,0.017542863237035727,0.09003497592499167,0.08436868052036259,0.005351295404629088,0.017542863237035727,0.005021572465267513,0.00011087941647391488,0.00011087941647391488,0.0,0.9989074686247464,0.00011088188062300437,2.4641490894880243e-09,0.9999001243648566,False
11.28175,1,286,287,2.370759999999959,2.370759999999959,0.0,0.018251613237035814,0.018251613237035814,0.09003868052036242,0.08397863511573339,0.005314732904629081,0.018251613237035814,0.005021572465267513,0.00011118174754254804,0.00011118174754254804,0.0,0.9989784178344212,0.00011118420010831609,2.4525657680549194e-09,0.9999065622401608,False
11.31525,1,287,288,2.376789999999959,2.376789999999959,0.0,0.019005363237035923,0.019005363237035923,0.09000863511573332,0.08319483971110433,0.005691607904629057,0.019005363237035923,0.005021572465267513,0.00011151028146292754,0.00011151028146292754,0.0,0.9989798331999663,0.00011151321228072391,2.930817796366705e-09,0.9999066569818632,False
11.353250000000001,1,288,289,2.3836299999999584,2.383629999999959,4.440892098500626e-16,0.01986036323703605,0.01986036323703605,0.09003483971110429,0.0831113568064753,0.005843482904629053,0.01986036323703605,0.005021572465267513,0.00011188260085402812,0.00011188260085402812,0.0,0.9990542952447776,0.00011188523717336449,2.6363193363651647e-09,0.9999133902015811,False
11.39175,1,289,290,2.3905599999999585,2.3905599999999585,0.0,0.020726613237036152,0.020726613237036152,0.09004135680647504,0.08225162390184615,0.006276607904629014,0.020726613237036152,0.005021572465267513,0.00011226226051802148,0.00011226226051802148,0.0,0.9990772663503092,0.00011226483976523333,2.579247211845887e-09,0.9999154026966551,False
11.435,1,290,291,2.3983449999999586,2.3983449999999586,0.0,0.0216997382370363,0.0216997382370363,0.09003662390184611,0.08165064099721724,0.00724973290462896,0.0216997382370363,0.005021572465267513,0.00011269000819243426,0.00011269000819243426,0.0,0.9991459482095506,0.00011269218832546683,2.1801330325722183e-09,0.9999210202874855,False
11.4815,1,291,292,2.4067149999999584,2.4067149999999584,0.0,0.022745988237036448,0.022745988237036448,0.0900206409972169,0.0805884080925881,0.0059480595592590405,0.022745988237036448,0.005021572465267513,0.00011315740211956454,0.00011315740211956454,0.0,0.9992535856270669,0.00011315981202612464,2.4099065601017105e-09,0.9999314063471628,False
11.534,1,292,293,2.4161649999999577,2.4161649999999577,0.0,0.02392723823703662,0.02392723823703662,0.09003840809258776,0.08012805018795897,0.006538684559259004,0.02392723823703662,0.005021572465267513,0.00011366936421076567,0.00011366936421076567,0.0,0.9991315245038518,0.00011367164885421755,2.2846434518796355e-09,0.9999201422204749,False
11.589,1,293,294,2.4260649999999573,2.4260649999999573,0.0,0.02516473823703679,0.02516473823703679,0.09002805018795854,0.08445412123564419,0.005573928952314346,0.02516473823703679,0.005021572465267513,0.00011421228744420514,0.00011421228744420514,0.0,0.9992037115992638,0.00011421473031271878,2.442868513635103e-09,0.9999270214926219,False
11.620000000000001,1,294,295,2.4316449999999574,2.4316449999999574,0.0,0.0258622382370369,0.0258622382370369,0.09003412123564408,0.08376269228332976,0.005706116452314349,0.0258622382370369,0.005021572465267513,0.00011452052441845591,0.00011452052441845591,0.0,0.9990128324984677,0.00011452309965147258,2.5752330166738764e-09,0.9999096799655764,False
11.65475,1,295,296,2.437899999999957,2.437899999999957,0.0,0.026644113237036988,0.026644113237036988,0.09001769228332933,0.08352970083101505,0.0060970539523143115,0.026644113237036988,0.005021572465267513,0.000114863227518459,0.000114863227518459,0.0,0.9990457580135415,0.00011486587978008631,2.6522616273095666e-09,0.9999126392301004,False
11.69075,1,296,297,2.444379999999957,2.4443799999999567,-4.440892098500626e-16,0.02745411323703713,0.02745411323703713,0.09000970083101503,0.08271170937870079,0.005328092279629375,0.02745411323703713,0.005021572465267513,0.00011521929223878434,0.00011521929223878434,0.0,0.9991036120022578,0.00011522159039591933,2.2981571349856575e-09,0.9999179090113114,False
11.731250000000001,1,297,298,2.4516699999999565,2.4516699999999565,0.0,0.028365363237037255,0.028365363237037255,0.09000170937870045,0.08218340542638622,0.005783717279629342,0.028365363237037255,0.005021572465267513,0.00011561601687434426,0.00011561601687434426,0.0,0.9990077376225961,0.00011561860092868958,2.584054345324059e-09,0.9999091454742232,False
11.774750000000001,1,298,299,2.4594999999999563,2.459499999999956,-4.440892098500626e-16,0.02934411323703739,0.02934411323703739,0.09001340542638589,0.08121635147407173,0.005977779779629327,0.02934411323703739,0.005021572465267513,0.00011604422715834694,0.00011604422715834694,0.0,0.9990844457322774,0.0001160466362046927,2.409046345749704e-09,0.9999160649439235,False
11.82375,1,299,300,2.468319999999956,2.468319999999956,0.0,0.030446613237037536,0.030446613237037536,0.0900363514740713,0.08171575919444213,0.006529029779629285,0.030446613237037536,0.005021572465267513,0.00011652835257213069,0.00011652835257213069,0.0,0.9991255109243964,0.00011653074809072137,2.395518590675265e-09,0.999919683619635,False
11.870000000000001,1,300,301,2.4766449999999556,2.4766449999999556,0.0,0.031487238237037744,0.015743619118518872,0.09004075919444196,0.08067954191481284,0.0075696547796292295,0.015743619118518872,0.005021572465267513,0.00011698553776542592,0.00011698553776542592,0.0,0.9991819985499932,0.00011698768014006566,2.1423746397378597e-09,0.9999244177414791,False
11.922,1,301,302,2.4860049999999556,2.486004999999955,-4.440892098500626e-16,0.01691361911851903,0.01691361911851903,0.09003954191481264,0.08500174577499812,0.005037796139814525,0.01691361911851903,0.005021572465267513,0.00011751869315693243,0.00011751869315693243,0.0,0.999291401372429,0.00011752118614520042,2.4929882679969404e-09,0.9999349828785569,False
11.950000000000001,1,302,303,2.4910449999999553,2.4910449999999553,0.0,0.01754361911851913,0.01754361911851913,0.09004174577499813,0.08437394963518365,0.00535279613981451,0.01754361911851913,0.005021572465267513,0.00011779271061118197,0.00011779271061118197,0.0,0.9989077365615303,0.00011779517540373955,2.464792557582045e-09,0.9999001266897923,False
11.9815,1,303,304,2.496714999999955,2.496714999999955,0.0,0.018252369118519216,0.018252369118519216,0.09004394963518346,0.083982403495369,0.005314827389814506,0.018252369118519216,0.005021572465267513,0.0001181003089634275,0.0001181003089634275,0.0,0.9989786496767501,0.00011810241819965321,2.109236225714367e-09,0.9999065634963318,False
