case_id,v_A,h_A,v_out_ratio
VA_0p10_H_0p30_R_0p90,0.1,0.3,0.9
VA_0p10_H_0p30_R_1p00,0.1,0.3,1.0
VA_0p10_H_0p30_R_1p05,0.1,0.3,1.05
VA_0p10_H_0p30_R_1p10,0.1,0.3,1.1
VA_0p10_H_0p30_R_1p20,0.1,0.3,1.2
VA_0p10_H_0p50_R_0p90,0.1,0.5,0.9
VA_0p10_H_0p50_R_1p00,0.1,0.5,1.0
VA_0p10_H_0p50_R_1p05,0.1,0.5,1.05
VA_0p10_H_0p50_R_1p10,0.1,0.5,1.1
VA_0p10_H_0p50_R_1p20,0.1,0.5,1.2
VA_0p10_H_1p00_R_0p90,0.1,1.0,0.9
VA_0p10_H_1p00_R_1p00,0.1,1.0,1.0
VA_0p10_H_1p00_R_1p05,0.1,1.0,1.05
VA_0p10_H_1p00_R_1p10,0.1,1.0,1.1
VA_0p10_H_1p00_R_1p20,0.1,1.0,1.2
VA_0p20_H_0p30_R_0p90,0.2,0.3,0.9
VA_0p20_H_0p30_R_1p00,0.2,0.3,1.0
VA_0p20_H_0p30_R_1p05,0.2,0.3,1.05
VA_0p20_H_0p30_R_1p10,0.2,0.3,1.1
VA_0p20_H_0p30_R_1p20,0.2,0.3,1.2
VA_0p20_H_0p50_R_0p90,0.2,0.5,0.9
VA_0p20_H_0p50_R_1p00,0.2,0.5,1.0
VA_0p20_H_0p50_R_1p05,0.2,0.5,1.05
VA_0p20_H_0p50_R_1p10,0.2,0.5,1.1
VA_0p20_H_0p50_R_1p20,0.2,0.5,1.2
VA_0p20_H_1p00_R_0p90,0.2,1.0,0.9
VA_0p20_H_1p00_R_1p00,0.2,1.0,1.0
VA_0p20_H_1p00_R_1p05,0.2,1.0,1.05
VA_0p20_H_1p00_R_1p10,0.2,1.0,1.1
VA_0p20_H_1p00_R_1p20,0.2,1.0,1.2
VA_0p25_H_0p30_R_0p90,0.25,0.3,0.9
VA_0p25_H_0p30_R_1p00,0.25,0.3,1.0
VA_0p25_H_0p30_R_1p05,0.25,0.3,1.05
VA_0p25_H_0p30_R_1p10,0.25,0.3,1.1
VA_0p25_H_0p30_R_1p20,0.25,0.3,1.2
VA_0p25_H_0p50_R_0p90,0.25,0.5,0.9
VA_0p25_H_0p50_R_1p00,0.25,0.5,1.0
VA_0p25_H_0p50_R_1p05,0.25,0.5,1.05
VA_0p25_H_0p50_R_1p10,0.25,0.5,1.1
VA_0p25_H_0p50_R_1p20,0.25,0.5,1.2
VA_0p25_H_1p00_R_0p90,0.25,1.0,0.9
VA_0p25_H_1p00_R_1p00,0.25,1.0,1.0
VA_0p25_H_1p00_R_1p05,0.25,1.0,1.05
VA_0p25_H_1p00_R_1p10,0.25,1.0,1.1
VA_0p25_H_1p00_R_1p20,0.25,1.0,1.2
VA_0p30_H_0p30_R_0p90,0.3,0.3,0.9
VA_0p30_H_0p30_R_1p00,0.3,0.3,1.0
VA_0p30_H_0p30_R_1p05,0.3,0.3,1.05
VA_0p30_H_0p30_R_1p10,0.3,0.3,1.1
VA_0p30_H_0p30_R_1p20,0.3,0.3,1.2
VA_0p30_H_0p50_R_0p90,0.3,0.5,0.9
VA_0p30_H_0p50_R_1p00,0.3,0.5,1.0
VA_0p30_H_0p50_R_1p05,0.3,0.5,1.05
VA_0p30_H_0p50_R_1p10,0.3,0.5,1.1
VA_0p30_H_0p50_R_1p20,0.3,0.5,1.2
VA_0p30_H_1p00_R_0p90,0.3,1.0,0.9
VA_0p30_H_1p00_R_1p00,0.3,1.0,1.0
VA_0p30_H_1p00_R_1p05,0.3,1.0,1.05
VA_0p30_H_1p00_R_1p10,0.3,1.0,1.1
VA_0p30_H_1p00_R_1p20,0.3,1.0,1.2
