case_id,v_A,h_A,v_out_ratio,v_out,peak_tail_tension,tail_tension_p95,peak_active_tension,peak_tension_time,peak_tension_segment_index,steady_tail_tension_mean,filtered_peak_tail_tension,filtered_peak_active_tension,tension_filter_window_s,max_filtered_tension_step_N,max_insertion_tension_jump_N,minimum_inserted_rest_length_ratio,min_bend_radius,min_bend_radius_outlet,min_bend_radius_tdp,min_bend_radius_free,low_load_bend_radius_reference,mean_layback,final_layback,mean_suspended_length,first_land_time,first_land_x,max_penetration,max_slack_ratio,max_length_conservation_error,min_standard_segment_ratio,max_axial_strain,min_axial_strain,max_outlet_direction_error_deg,insertion_event_count,remesh_event_count,tension_safe,break_safe,bend_safe,penetration_safe,mesh_safe,insertion_rest_length_safe,insertion_smooth,reported_curve_smooth,curve_smooth,numerically_converged,classification,error,source_case_id,current_velocity_x,current_velocity_z,current_direction,ds,dt
VA_0p10_H_0p30_R_0p90_U_p0p10,0.1,0.3,0.9,0.09000000000000001,0.009870180815209354,0.0,0.009870180815209354,8.8905,111,3.8680610212756095e-06,0.0,8.064442805402632e-05,0.5,1.819292149404431e-07,0.0,0.501912430609016,0.07145502996938698,0.07145502996938698,0.14740775646892237,0.08025624817927826,0.01,0.3703870798434647,0.20572753519539122,0.5705978429762787,9.2695,0.5752092310171251,5.480988509039231e-07,1.0,8.948397578478762e-14,0.9999560067535832,3.660504496044714e-06,-4.399324641682656e-05,0.0,120,0,True,True,True,True,True,True,True,True,True,True,warning_high_slack,,VA_0p10_H_0p30_R_0p90,0.1,0.0,同航向,0.01,0.00025
VA_0p10_H_0p30_R_1p00_U_p0p10,0.1,0.3,1.0,0.1,0.003777429152905111,0.0,0.006942908093152895,7.937250000000001,99,1.261740919033219e-06,0.0,8.003793309469571e-05,0.5,1.9048856057706843e-07,0.0,0.5017269774215093,0.07266780589765831,0.07266780589765831,0.14412918651154658,0.09590783636468274,0.01,0.3489767467882916,0.2523322822243871,0.551843760101676,9.036,0.546479214075288,5.963656125989098e-07,1.0,5.666578317686799e-13,0.9999530713186067,2.7991370222270415e-06,-4.692868139333306e-05,0.0,132,0,True,True,True,True,True,True,True,True,True,True,warning_high_slack,,VA_0p10_H_0p30_R_1p00,0.1,0.0,同航向,0.01,0.00025
VA_0p10_H_0p30_R_1p05_U_p0p10,0.1,0.3,1.05,0.10500000000000001,0.012764408914626437,0.0,0.01401801490572128,8.97125,116,3.2234757542404088e-06,0.0,7.965660874258166e-05,0.5,1.9378735092316407e-07,0.0,0.5020241587995321,0.06914168133695021,0.06914168133695021,0.15110775988465414,0.0945877353364616,0.01,0.33722004978353975,0.23451526781491994,0.54450274006379,8.96725,0.5240003609800936,4.1244581220893854e-07,1.0,9.325873406851315e-13,0.9999504977823276,3.6964298295949386e-06,-4.9502217672362646e-05,0.0,136,0,True,True,True,True,True,True,True,True,True,True,warning_high_slack,,VA_0p10_H_0p30_R_1p05,0.1,0.0,同航向,0.01,0.00025
VA_0p10_H_0p30_R_1p10_U_p0p10,0.1,0.3,1.1,0.11000000000000001,0.006895931584374276,0.0,0.011023782636720424,8.523,114,1.477237200995159e-06,0.0,7.923851574568797e-05,0.5,1.965635721378465e-07,0.0,0.5009215787160394,0.0700410249937035,0.0700410249937035,0.1607482647511021,0.0937879864887121,0.01,0.33223290546821505,0.22693680240973513,0.54368248906817,8.93125,0.5085796851824219,3.2872982603119253e-07,1.0,5.46229728115577e-13,0.9999494594792663,4.64939731222696e-06,-5.054052073372587e-05,0.0,146,0,True,True,True,True,True,True,True,True,True,True,warning_high_slack,,VA_0p10_H_0p30_R_1p10,0.1,0.0,同航向,0.01,0.00025
VA_0p10_H_0p30_R_1p20_U_p0p10,0.1,0.3,1.2,0.12,0.016073555687545524,0.0,0.016289567028124004,7.8412500000000005,110,9.115278235460062e-06,0.0,7.832440878625634e-05,0.5,2.0084167799157672e-07,0.0,0.5012185923553519,0.06257945458476556,0.06257945458476556,0.1743039700547066,0.08554527076719522,0.01,0.349458560685015,0.2063110433702524,0.574438828744079,8.99125,0.47596191950408107,2.4541878329010615e-07,1.0,1.248112724283601e-12,0.9999445866556674,7.123133421765759e-06,-5.541334433255736e-05,0.0,155,0,True,True,True,True,True,True,True,True,True,True,warning_high_slack,,VA_0p10_H_0p30_R_1p20,0.1,0.0,同航向,0.01,0.00025
VA_0p10_H_0p50_R_0p90_U_p0p10,0.1,0.5,0.9,0.09000000000000001,0.019780716238342478,0.0,0.019780716238342478,10.9265,164,3.0289147562624355e-05,0.0,0.0021787195932050727,0.5,5.290674180227241e-07,0.0,0.5004703115910502,0.061752196954703374,0.061752196954703374,0.1979701232373501,0.0746086599219694,0.01,0.21986988484315495,0.24237031181851898,0.6478652382874982,2.449,0.009999464508513661,9.659713396410079e-09,1.0,1.0591527654923993e-13,0.9999588211452334,7.11813563125233e-06,-4.117885476661319e-05,0.0,127,0,True,True,True,True,True,True,True,True,True,True,warning_high_slack,,VA_0p10_H_0p50_R_0p90,0.1,0.0,同航向,0.01,0.00025
VA_0p10_H_0p50_R_1p00_U_p0p10,0.1,0.5,1.0,0.1,0.01666143966494288,0.0,0.017188842571194917,2.35425,53,2.1360238772566764e-05,0.0,0.00018884265425349035,0.5,5.312978790599453e-07,0.0,0.5016839163352412,0.06059845051594601,0.06059845051594601,0.1876607135706851,0.07313939419862099,0.01,0.12450887205736312,0.12460881071966934,0.6445032011601108,2.29625,0.009999460792289463,9.114855477796644e-09,1.0,5.653255641391297e-13,0.9999551304340469,7.679737413125128e-06,-4.4869565953094976e-05,0.0,139,0,True,True,True,True,True,True,True,True,True,True,warning_high_slack,,VA_0p10_H_0p50_R_1p00,0.1,0.0,同航向,0.01,0.00025
VA_0p10_H_0p50_R_1p05_U_p0p10,0.1,0.5,1.05,0.10500000000000001,0.01620077027465822,0.0,0.01623322161411398,2.94625,63,1.8721502713180707e-05,0.0,0.00018792027710595708,0.5,5.320083036802813e-07,0.0,0.5016330118289196,0.059469046811349936,0.059469046811349936,0.1777308694051877,0.06995902429653368,0.01,0.08526160636114181,0.0755280005386263,0.6512557527734248,2.23875,0.009999470806206662,8.96501139124954e-09,1.0,9.408029910673577e-13,0.9999528994995386,7.178564359814265e-06,-4.7100500461378556e-05,0.0,146,0,True,True,True,True,True,True,True,True,True,True,warning_high_slack,,VA_0p10_H_0p50_R_1p05,0.1,0.0,同航向,0.01,0.00025
VA_0p10_H_0p50_R_1p10_U_p0p10,0.1,0.5,1.1,0.11000000000000001,0.015716766382090287,0.0,0.015716766382090287,5.97925,114,1.7742764261218087e-05,0.0,0.00018700372809444602,0.5,5.325289178287524e-07,0.0,0.5022015491537314,0.05879493056551923,0.05879493056551923,0.18687770200578743,0.06812041537410396,0.01,0.04974666177449938,0.039001053026594956,0.661740757346075,2.18975,0.00999947065925733,8.770993189927555e-09,1.0,5.282441151166495e-13,0.9999507899146657,6.208153061910519e-06,-4.921008533433984e-05,0.0,154,0,True,True,True,True,True,True,True,True,True,True,warning_high_slack,,VA_0p10_H_0p50_R_1p10,0.1,0.0,同航向,0.01,0.00025
VA_0p10_H_0p50_R_1p20_U_p0p10,0.1,0.5,1.2,0.12,0.01623893955367832,0.0,0.01623893955367832,3.573,82,2.4501258689686444e-05,0.0,0.00018514610801180438,0.5,5.329935636761308e-07,0.0,0.500588620501373,0.05915241290529892,0.05915241290529892,0.17848672780937558,0.06692067783488742,0.01,0.0010976941071485103,0.0,0.6904860749722029,2.1085000000000003,0.009999468226661864,8.97085117238046e-09,1.0,1.247890679678676e-12,0.9999469059020089,5.420033155279669e-06,-5.309409799111297e-05,0.0,168,0,True,True,True,True,True,True,True,True,True,True,warning_high_slack,,VA_0p10_H_0p50_R_1p20,0.1,0.0,同航向,0.01,0.00025
VA_0p10_H_1p00_R_0p90_U_p0p10,0.1,1.0,0.9,0.09000000000000001,0.050119888244893364,0.018410567053281916,0.050119888244893364,11.276250000000001,225,0.017811422599770362,0.01858632269321742,0.02311632217125052,0.5,1.4485110376391032e-05,0.0,0.5015810546875032,0.058133827893503874,0.058133827893503874,0.3739188112249019,0.09006924142407667,0.01,0.2693582512249514,0.2900005570280534,1.197357755655714,3.0355,0.009999491033713245,7.039425760603791e-09,1.0,1.0480505352461478e-13,0.9999198475984401,1.7837183574536434e-05,-8.015240155989548e-05,0.0,133,0,True,True,True,True,True,True,True,True,True,True,warning_high_slack,,VA_0p10_H_1p00_R_0p90,0.1,0.0,同航向,0.01,0.00025
VA_0p10_H_1p00_R_1p00_U_p0p10,0.1,1.0,1.0,0.1,0.04783773813305433,0.016682100884716014,0.04783773813305433,3.952,140,0.016047109550853405,0.016644167027299487,0.021386488888253882,0.5,1.3693075337774599e-05,0.0,0.5015917968749842,0.05818808494576202,0.05818808494576202,0.3572605684415448,0.0897772973280843,0.01,0.17090795685281215,0.17000132544921298,1.1909064862144536,2.81825,0.00999949300676165,7.112310974599172e-09,1.0,5.626610288800293e-13,0.9999247439615474,1.5974404040358845e-05,-7.525603845260983e-05,0.0,149,0,True,True,True,True,True,True,True,True,True,True,warning_high_slack,,VA_0p10_H_1p00_R_1p00,0.1,0.0,同航向,0.01,0.00025
VA_0p10_H_1p00_R_1p05_U_p0p10,0.1,1.0,1.05,0.10500000000000001,0.04735632868741829,0.016272261108905214,0.04735632868741829,3.8115,140,0.015347592753748184,0.01630976600992014,0.02107856476434771,0.5,1.3359645010290085e-05,0.0,0.5016345214843618,0.058006514407504706,0.058006514407504706,0.34175148929195837,0.08985074495125508,0.01,0.12595951919693305,0.11638164779667703,1.1919576368041136,2.72975,0.009999490362958963,7.163350981747702e-09,1.0,9.370282327836321e-13,0.9999250752673496,1.534179252561322e-05,-7.492473265036527e-05,0.0,156,0,True,True,True,True,True,True,True,True,True,True,warning_high_slack,,VA_0p10_H_1p00_R_1p05,0.1,0.0,同航向,0.01,0.00025
VA_0p10_H_1p00_R_1p10_U_p0p10,0.1,1.0,1.1,0.11000000000000001,0.04679956382829742,0.01594893788737292,0.04679956382829742,3.68375,140,0.014732020450199685,0.01595245076888096,0.02075178053322474,0.5,1.2924615171629877e-05,0.0,0.5014887695312186,0.05785236589406243,0.05785236589406243,0.32068536992039715,0.08960757669405968,0.01,0.08326426506507283,0.06497798349960715,1.1952619940935523,2.652,0.009999487525748273,7.188767560907643e-09,1.0,5.258016244624741e-13,0.9999255320018233,1.467139230988376e-05,-7.446799817662769e-05,0.0,164,0,True,True,True,True,True,True,True,True,True,True,warning_high_slack,,VA_0p10_H_1p00_R_1p10,0.1,0.0,同航向,0.01,0.00025
VA_0p10_H_1p00_R_1p20_U_p0p10,0.1,1.0,1.2,0.12,0.045520679714926765,0.015363105515271095,0.045520679714926765,3.4602500000000003,140,0.013866901947617562,0.015385104718547087,0.020082487290309734,0.5,1.2191743650778915e-05,0.0,0.5016249999999544,0.058147297613801066,0.058147297613801066,0.28366200377342393,0.08900210824931322,0.01,0.009423332560848471,0.0,1.2075925658176496,2.523,0.009999484636615827,7.144917548531744e-09,1.0,1.2496670365180762e-12,0.9999276359460845,1.3247004209713882e-05,-7.236405391548189e-05,0.0,178,0,True,True,True,True,True,True,True,True,True,True,warning_high_slack,,VA_0p10_H_1p00_R_1p20,0.1,0.0,同航向,0.01,0.00025
VA_0p20_H_0p30_R_0p90_U_p0p10,0.2,0.3,0.9,0.18000000000000002,0.017609730230276316,0.006223239948322197,0.04526641771766029,11.9755,263,0.002150476811265219,0.013583586049076274,0.013592354434068483,0.5,3.5599912238584025e-06,0.0,0.5020083565567004,0.08642266413653484,0.08642266413653484,0.22279602758636063,0.10209958060529647,0.01,0.4011115588309986,0.5535442053267863,0.5288690088522874,6.3785,0.6735528973015529,1.398641023386286e-07,1.0,1.2301271112846734e-13,0.9999175655632495,1.1540392439223484e-05,-8.243443675051737e-05,0.0,240,0,True,True,True,True,True,True,True,True,True,True,warning_high_slack,,VA_0p20_H_0p30_R_0p90,0.1,0.0,同航向,0.01,0.00025
VA_0p20_H_0p30_R_1p00_U_p0p10,0.2,0.3,1.0,0.2,0.02402978088554065,0.0,0.02402978088554065,6.23675,146,0.0,0.0,7.34953892767154e-05,0.5,2.0900403206260446e-07,0.0,0.5007445475397481,0.08642272990942097,0.08642272990942097,0.21821352187846188,0.09953657806658546,0.01,0.3804680176799205,0.35860274957728944,0.5103479106695162,6.23025,0.6206093700164097,1.5244784032022442e-07,1.0,1.0311751452718454e-12,0.9999080928647509,1.0134901442445784e-05,-9.190713524909256e-05,0.0,268,0,True,True,True,True,True,True,True,True,True,True,warning_high_slack,,VA_0p20_H_0p30_R_1p00,0.1,0.0,同航向,0.01,0.00025
VA_0p20_H_0p30_R_1p05_U_p0p10,0.2,0.3,1.05,0.21000000000000002,0.02403641614001796,0.0,0.02556543194131175,5.5375000000000005,122,0.0,0.0,7.251289821508129e-05,0.5,2.0873837635830138e-07,0.0,0.5008480655539121,0.0864227552542279,0.0864227552542279,0.16832875224947233,0.09857339702253393,0.01,0.32543115685181695,0.28503948891200426,0.47149259586248105,6.20475,0.5979079186049084,2.447511155466675e-07,1.0,1.7976731214730535e-12,0.9998983642702288,1.1197391133391447e-05,-0.00010163572977117779,0.0,243,0,True,True,True,True,True,True,True,True,True,True,warning_high_slack,,VA_0p20_H_0p30_R_1p05,0.1,0.0,同航向,0.01,0.00025
VA_0p20_H_0p30_R_1p10_U_p0p10,0.2,0.3,1.1,0.22000000000000003,0.023870343157317956,0.0,0.02843733998815314,5.11425,119,0.0,0.0,7.15520887966973e-05,0.5,2.0823368503727208e-07,0.0,0.5019260027757018,0.08642277682806639,0.08642277682806639,0.13760256082803704,0.09783423514064835,0.01,0.2816705403532032,0.23412016672575908,0.4442804449777611,6.20225,0.5821500287020391,2.3801606665057258e-07,1.0,9.094947017729282e-13,0.9998942931991951,1.2274785892128833e-05,-0.00010570680080489671,0.0,222,0,True,True,True,True,True,True,True,True,True,True,warning_high_slack,,VA_0p20_H_0p30_R_1p10,0.1,0.0,同航向,0.01,0.00025
VA_0p20_H_0p30_R_1p20_U_p0p10,0.2,0.3,1.2,0.24,0.0243672205144692,0.0,0.0336313274106896,5.961,146,0.0,0.0,6.970206025091453e-05,0.5,2.0669387020737576e-07,0.0,0.5001600867034607,0.08642281140421726,0.08642281140421726,0.1388583913182204,0.09682039552211016,0.01,0.3023518026287681,0.2365518770409898,0.4567162085067699,6.29125,0.5587970204756781,1.8489493869998713e-07,1.0,2.3496760093166813e-12,0.9998852060159068,1.4903523735371326e-05,-0.00011479398409320026,0.0,250,0,True,True,True,True,True,True,True,True,True,True,warning_high_slack,,VA_0p20_H_0p30_R_1p20,0.1,0.0,同航向,0.01,0.00025
VA_0p20_H_0p50_R_0p90_U_p0p10,0.2,0.5,0.9,0.18000000000000002,0.000942512441391985,0.0,0.02237432096603031,11.70925,187,0.0,0.0,0.0001812334103482577,0.5,5.332854846426158e-07,0.0,0.5041252451291877,0.08573730542008141,0.09470677012438536,0.1321840493605704,0.08573730542008141,0.01,0.3422672792428726,0.40146679752444614,0.6782498079821774,1.90475,0.009999451134413785,6.005668157416738e-09,1.0,1.3233858453531866e-13,0.999929709750464,1.0011686837456575e-05,-7.029024953598715e-05,0.0,148,0,True,True,True,True,True,True,True,True,True,True,warning_high_slack,,VA_0p20_H_0p50_R_0p90,0.1,0.0,同航向,0.01,0.00025
VA_0p20_H_0p50_R_1p00_U_p0p10,0.2,0.5,1.0,0.2,0.005180490708975312,0.0,0.025000229344263214,5.25375,109,7.247877776946127e-06,0.0,0.00017790972973992053,0.5,5.310920484578982e-07,0.0,0.5001333678061602,0.07735134841574073,0.09470677012438536,0.11676608989331769,0.07735134841574073,0.01,0.22856889227911276,0.25761256590452564,0.7485528594762234,1.826,0.009999452881493556,7.688955717599443e-09,1.0,1.0378364834195963e-12,0.9999210881359586,1.0776954753376307e-05,-7.891186404146173e-05,0.0,239,0,True,True,True,True,True,True,True,True,True,True,warning_high_slack,,VA_0p20_H_0p50_R_1p00,0.1,0.0,同航向,0.01,0.00025
VA_0p20_H_0p50_R_1p05_U_p0p10,0.2,0.5,1.05,0.21000000000000002,0.0051509832566101615,0.0,0.02989488763714,11.9585,317,2.246740677747771e-05,0.0,0.00017631500820532682,0.5,5.296810345881879e-07,0.0,0.5003212610061806,0.0729577448975739,0.09470677012438536,0.11517694709944784,0.0729577448975739,0.01,0.21314885876634168,0.24524240871068703,0.8251361625496256,1.7925,0.00999945264811822,8.316163648213826e-09,1.0,1.8101076193488552e-12,0.9999125142940722,1.3260622663805541e-05,-8.748570592773266e-05,0.0,275,0,True,True,True,True,True,True,True,True,True,True,warning_high_slack,,VA_0p20_H_0p50_R_1p05,0.1,0.0,同航向,0.01,0.00025
VA_0p20_H_0p50_R_1p10_U_p0p10,0.2,0.5,1.1,0.22000000000000003,0.010426957548406186,0.0017565676818884837,0.04647182112814621,11.21975,314,0.0008512666979333386,0.0022028834401157165,0.0022058609532680912,0.5,5.280191995474617e-07,0.0,0.5022950686526989,0.07049173570555267,0.09470677012438536,0.11437160078800569,0.07049173570555267,0.01,0.2090369400711859,0.2480725045427563,0.9130270794855804,1.762,0.009999442433159533,8.374918553821833e-09,1.0,9.28590537796481e-13,0.9999086549858894,2.1215089200115175e-05,-9.134501411060362e-05,0.0,296,0,True,True,True,True,True,True,True,True,True,True,warning_high_slack,,VA_0p20_H_0p50_R_1p10,0.1,0.0,同航向,0.01,0.00025
VA_0p20_H_0p50_R_1p20_U_p0p10,0.2,0.5,1.2,0.24,0.01989413032103995,0.007243910711118132,0.048116673949830616,7.899,228,0.005373537507625093,0.00809086483772581,0.008096580918898305,0.5,6.984782793227617e-07,0.0,0.5025596495377482,0.06530316182976993,0.09470677012438536,0.1153775673632873,0.06530316182976993,0.01,0.2217238919060772,0.2825036336325344,1.109718269969251,1.70875,0.00999946506560637,8.531157023263534e-09,1.0,2.368327756130384e-12,0.9999033770201887,2.1904583044843046e-05,-9.662297981131525e-05,0.0,316,0,True,True,True,True,True,True,True,True,True,True,warning_high_slack,,VA_0p20_H_0p50_R_1p20,0.1,0.0,同航向,0.01,0.00025
VA_0p20_H_1p00_R_0p90_U_p0p10,0.2,1.0,0.9,0.18000000000000002,0.02970493116199504,0.018470854320656288,0.05707516982983575,8.92575,279,0.01656011289719168,0.01749563503308553,0.017496514736100262,0.5,9.057165439151776e-06,0.0,0.5015557094222917,0.09127489731167462,0.09127489731167462,0.20123830040881147,0.11305188204423043,0.01,0.47234438550761276,0.5319756204175199,1.3083357289620339,2.08825,0.009999479143065364,8.395471603425631e-09,1.0,1.127986593019159e-13,0.9999422234260367,4.090048914922397e-06,-5.777657396328436e-05,0.0,259,0,True,True,True,True,True,True,True,True,True,True,warning_high_slack,,VA_0p20_H_1p00_R_0p90,0.1,0.0,同航向,0.01,0.00025
VA_0p20_H_1p00_R_1p00_U_p0p10,0.2,1.0,1.0,0.2,0.02787103617993198,0.017897374502088528,0.059791807896290294,11.90875,378,0.016120411620893987,0.016550255353240832,0.016551826854535552,0.5,8.523674944067514e-06,0.0,0.5017736114134607,0.09127491073097886,0.09127491073097886,0.17168166620767805,0.09316611916075783,0.01,0.3698319343026772,0.4164851128905218,1.3898236328380826,1.993,0.009999471818592372,8.319601835780824e-09,1.0,1.0373923942097463e-12,0.9999459597416941,4.012368735666349e-06,-5.404025830594403e-05,0.0,287,0,True,True,True,True,True,True,True,True,True,True,warning_high_slack,,VA_0p20_H_1p00_R_1p00,0.1,0.0,同航向,0.01,0.00025
VA_0p20_H_1p00_R_1p05_U_p0p10,0.2,1.0,1.05,0.21000000000000002,0.02674268797390381,0.018055138396035873,0.06238449329373598,11.99025,396,0.016260763861577085,0.019472718896272855,0.01959856569282964,0.5,8.29703636229251e-06,0.0,0.5016063338426835,0.08805895296280432,0.091274917440615,0.16547193110756245,0.08805895296280432,0.01,0.3341793249443238,0.3825379386971257,1.446171709637453,1.9515,0.009999466745241098,8.314021007938559e-09,1.0,1.829647544582258e-12,0.9999447438079756,7.753622698717717e-06,-5.525619202442753e-05,0.0,303,0,True,True,True,True,True,True,True,True,True,True,warning_high_slack,,VA_0p20_H_1p00_R_1p05,0.1,0.0,同航向,0.01,0.00025
VA_0p20_H_1p00_R_1p10_U_p0p10,0.2,1.0,1.1,0.22000000000000003,0.027254356126736212,0.018469088359718513,0.06477034302871187,11.4895,395,0.016578948166661004,0.018782419614253604,0.0187908172572141,0.5,8.028113091161637e-06,0.0,0.5034864756237225,0.08338132389506965,0.09127492415023807,0.16215419271929585,0.08338132389506965,0.01,0.3074299958440322,0.3566759731285045,1.5114232681861814,1.913,0.009999468525771852,8.305021722115366e-09,1.0,9.405809464624326e-13,0.9999423686577609,7.185396341800605e-06,-5.763134223914872e-05,0.0,317,0,True,True,True,True,True,True,True,True,True,True,warning_high_slack,,VA_0p20_H_1p00_R_1p10,0.1,0.0,同航向,0.01,0.00025
VA_0p20_H_1p00_R_1p20_U_p0p10,0.2,1.0,1.2,0.24,0.02994354706391228,0.02034087745399241,0.07199119039081658,11.66525,428,0.017934223469307776,0.02016572086964104,0.02016606771599373,0.5,7.60074094139588e-06,0.0,0.503484095435727,0.07474030898439242,0.0912749375695382,0.15525419569313398,0.07474030898439242,0.01,0.2824829348729478,0.3473052807110897,1.6704784876639422,1.8415000000000001,0.009999467726841743,8.240555309339656e-09,1.0,2.362110507192483e-12,0.9999335527915214,7.611230501037309e-06,-6.644720847856576e-05,0.0,345,0,True,True,True,True,True,True,True,True,True,True,warning_high_slack,,VA_0p20_H_1p00_R_1p20,0.1,0.0,同航向,0.01,0.00025
VA_0p25_H_0p30_R_0p90_U_p0p10,0.25,0.3,0.9,0.225,0.24733516741378536,0.06856945856792737,0.24955106552440837,11.989,327,0.030352158086974546,0.18749367618625354,0.18997077807747714,0.5,0.00010510674328700897,0.0,0.5016131294641244,0.08642277668608084,0.08642277668608084,0.2236622811948473,0.10216396854846113,0.01,0.6718410971947674,1.1530909382709669,0.7530813178806792,5.85375,0.6968451143374728,4.645331589690753e-07,1.0,1.2705392293810291e-12,0.9997239003253366,0.00010674249142137805,-0.000276099674663347,0.0,302,0,True,True,True,True,True,True,True,False,False,True,rejected_curve_smoothness,,VA_0p25_H_0p30_R_0p90,0.1,0.0,同航向,0.01,0.00025
VA_0p25_H_0p30_R_1p00_U_p0p10,0.25,0.3,1.0,0.25,0.028566943830500506,0.0,0.031659413554332556,3.2415000000000003,90,0.0,0.0,7.027730269641948e-05,0.5,2.0758801385362536e-07,0.0,0.5017337904011208,0.08642281838457376,0.08642281838457376,0.21935528516687017,0.09968559487229357,0.01,0.5194902937902747,0.5162046243296987,0.6138169789187942,5.725750000000001,0.6371551599315394,2.1174840091056954e-07,1.0,8.881784197001252e-16,0.9998865771997473,1.367673876183723e-05,-0.00011342280025268472,0.0,342,0,True,True,True,True,True,True,True,True,True,True,warning_high_slack,,VA_0p25_H_0p30_R_1p00,0.1,0.0,同航向,0.01,0.00025
VA_0p25_H_0p30_R_1p05_U_p0p10,0.25,0.3,1.05,0.2625,0.022896811948586917,0.0,0.0340871882972466,3.13475,90,0.0,0.0,6.916024950666791e-05,0.5,2.06415733420377e-07,0.0,0.5015381742402305,0.08642283492087915,0.08642283492087915,0.21017064561688747,0.09879570728573775,0.01,0.4719571887971281,0.4607379298018084,0.5745975175436135,5.7055,0.6229278448121728,4.1476157880249833e-07,1.0,2.8066438062523957e-12,0.9998812970753398,1.4797103817413687e-05,-0.00011870292466019814,0.0,361,0,True,True,True,True,True,True,True,True,True,True,warning_high_slack,,VA_0p25_H_0p30_R_1p05,0.1,0.0,同航向,0.01,0.00025
VA_0p25_H_0p30_R_1p10_U_p0p10,0.25,0.3,1.1,0.275,0.021488482039447802,0.0,0.03639125963049849,3.0380000000000003,91,0.0,0.0,6.808168530388756e-05,0.5,2.0509358955251905e-07,0.0,0.502199981702542,0.0864228493685379,0.0864228493685379,0.19261943921762423,0.09815017287618923,0.01,0.4703408440679489,0.46694964775274883,0.5740269682106888,5.7075000000000005,0.6072176628667222,5.282794502077135e-07,1.0,1.7670309659933991e-12,0.9998759219288648,1.590751400915445e-05,-0.00012407807113528743,0.0,377,0,True,True,True,True,True,True,True,True,True,True,warning_high_slack,,VA_0p25_H_0p30_R_1p10,0.1,0.0,同航向,0.01,0.00025
VA_0p25_H_0p30_R_1p20_U_p0p10,0.25,0.3,1.2,0.3,0.020502716002067614,0.0,0.04170252052126991,3.818,108,0.0,0.0,6.60373545204527e-05,0.5,2.0214657194321756e-07,0.0,0.500137744794754,0.08642287293179453,0.08642287293179453,0.21436415227507064,0.09741642835190943,0.01,0.5094625753107822,0.48959201247371853,0.6049081709699426,5.7955000000000005,0.5848868533600012,1.8248354483894132e-07,1.0,9.161560399206792e-13,0.9998629648384032,1.8546061576997273e-05,-0.00013703516159678687,0.0,425,0,True,True,True,True,True,True,True,True,True,True,warning_high_slack,,VA_0p25_H_0p30_R_1p20,0.1,0.0,同航向,0.01,0.00025
VA_0p25_H_0p50_R_0p90_U_p0p10,0.25,0.5,0.9,0.225,0.004082373322588789,0.0,0.029094815331802706,7.59,225,0.0,0.0,0.000176948267104086,0.5,5.305533420940384e-07,0.0,0.5002624250254994,0.08164975891956784,0.09470677012438536,0.12563957417704696,0.08164975891956784,0.01,0.9133123806894302,1.1165032619552318,1.2032910810580462,1.8495000000000001,0.00999946145746038,8.756635730689943e-09,1.0,1.2563283746658271e-12,0.9998982450603666,1.2511627537967108e-05,-0.00010175493963334543,0.0,269,0,True,True,True,True,True,True,True,True,True,True,warning_high_slack,,VA_0p25_H_0p50_R_0p90,0.1,0.0,同航向,0.01,0.00025
VA_0p25_H_0p50_R_1p00_U_p0p10,0.25,0.5,1.0,0.25,0.006415832440853107,0.0,0.0363891503298328,7.4395,240,5.787665841409079e-05,0.0,0.00017263433163981903,0.5,5.253196190163113e-07,0.0,0.5013056673709788,0.07738016475086731,0.09470677012438536,0.11969542179995728,0.07738016475086731,0.01,0.8523308755857492,1.073323961031029,1.372314315444808,1.758,0.009999467484277024,7.7026676900847e-08,1.0,8.881784197001252e-16,0.9998888497311657,1.5961770870695803e-05,-0.00011115026883438603,0.0,314,0,True,True,True,True,True,True,True,True,True,True,warning_high_slack,,VA_0p25_H_0p50_R_1p00,0.1,0.0,同航向,0.01,0.00025
VA_0p25_H_0p50_R_1p05_U_p0p10,0.25,0.5,1.05,0.2625,0.00744762367119723,0.0024461907369352116,0.042372278560772615,11.098,368,0.001790879081730149,0.003262352172163914,0.003342298167997449,0.5,3.368104695469429e-06,0.0,0.5021539437906543,0.07451866520355935,0.09470677012438536,0.11853744634822737,0.07451866520355935,0.01,0.8163782562453191,1.0147392182303783,1.4513653242442721,1.72075,0.009999466617366788,1.0862664753891999e-07,1.0,2.808420163091796e-12,0.9999118828437721,1.9043844913603427e-05,-8.811715622789027e-05,0.0,358,0,True,True,True,True,True,True,True,True,True,True,warning_high_slack,,VA_0p25_H_0p50_R_1p05,0.1,0.0,同航向,0.01,0.00025
VA_0p25_H_0p50_R_1p10_U_p0p10,0.25,0.5,1.1,0.275,0.015957668164968655,0.005761182418673721,0.05031022474371891,11.5875,416,0.004293309110517231,0.005528132618530052,0.005550707888878473,0.5,2.477117071253594e-06,0.0,0.5010503493990194,0.06539392947770938,0.09470677012438536,0.11584496666955746,0.06539392947770938,0.01,0.7911534411703984,0.9730457224799691,1.5411447675489998,1.6875,0.009999445193003617,8.020612505239952e-08,1.0,1.7688073228327994e-12,0.9999064450877795,2.1513111037257763e-05,-9.355491222053436e-05,0.0,388,0,True,True,True,True,True,True,True,True,True,True,warning_high_slack,,VA_0p25_H_0p50_R_1p10,0.1,0.0,同航向,0.01,0.00025
VA_0p25_H_0p50_R_1p20_U_p0p10,0.25,0.5,1.2,0.3,0.023315007486254917,0.012336524330875665,0.07040445807220752,11.9215,493,0.00918848551004356,0.013740804572419699,0.01373437405645521,0.5,1.9441793414221725e-06,0.0,0.5007904915016956,0.057591271141665616,0.09470677012438536,0.07911046039496,0.05759888902577129,0.01,0.8055598672295542,1.2109816717460284,1.7798501344166555,1.631,0.00999947335266473,1.0343335974393227e-07,1.0,9.15267861500979e-13,0.9999092951210379,2.9513101830266767e-05,-9.070487896211126e-05,0.0,453,0,True,True,True,True,True,True,True,True,True,True,warning_high_slack,,VA_0p25_H_0p50_R_1p20,0.1,0.0,同航向,0.01,0.00025
VA_0p25_H_1p00_R_0p90_U_p0p10,0.25,1.0,0.9,0.225,0.027592142650140164,0.018545608790569892,0.06600565800520933,2.73025,143,0.015327887865996448,0.017094298714777523,0.017094660386182788,0.5,8.612552372171296e-06,0.0,0.5000484356494399,0.09127492499975336,0.09127492499975336,0.15932870742304545,0.09545190250002748,0.01,0.8370332632523605,0.9752771865094774,1.6270232146990538,1.92675,0.009999473166895414,8.247688377513544e-09,1.0,1.2669865157022286e-12,0.9999175348579283,9.885817288547141e-06,-8.246514207171013e-05,0.0,314,0,True,True,True,True,True,True,True,True,True,True,warning_high_slack,,VA_0p25_H_1p00_R_0p90,0.1,0.0,同航向,0.01,0.00025
VA_0p25_H_1p00_R_1p00_U_p0p10,0.25,1.0,1.0,0.25,0.025992350689042338,0.018863495039604133,0.0700415355126654,11.656,445,0.01620913177218784,0.017107236774639472,0.017123887817168722,0.5,8.180679457717513e-06,0.0,0.5000449698490725,0.0811957393094052,0.09127494177386453,0.15246186391418656,0.0811957393094052,0.01,0.7529023181211888,0.8862156947456694,1.772894663272689,1.83425,0.009999479138797892,8.204083973018888e-09,1.0,8.881784197001252e-16,0.9999055112907211,7.529911590759608e-06,-9.448870927881238e-05,0.0,364,0,True,True,True,True,True,True,True,True,True,True,warning_high_slack,,VA_0p25_H_1p00_R_1p00,0.1,0.0,同航向,0.01,0.00025
VA_0p25_H_1p00_R_1p05_U_p0p10,0.25,1.0,1.05,0.2625,0.02726467119921475,0.01961747029857186,0.07215901408754291,11.564,447,0.016911523796025903,0.01951417540949302,0.019506621183287758,0.5,7.916351112553267e-06,0.0,0.5011985611151855,0.07601424490098092,0.09127495016092492,0.1502414382659386,0.07601424490098092,0.01,0.7321859961373683,0.875489380647952,1.8671799230511836,1.7922500000000001,0.00999946367167316,8.216585987475118e-09,1.0,2.807531984672096e-12,0.9998995521202243,6.786574181371657e-06,-0.00010044787977574402,0.0,369,0,True,True,True,True,True,True,True,True,True,True,warning_high_slack,,VA_0p25_H_1p00_R_1p05,0.1,0.0,同航向,0.01,0.00025
VA_0p25_H_1p00_R_1p10_U_p0p10,0.25,1.0,1.1,0.275,0.027809499307284585,0.020669851060560813,0.07959685326446393,11.7645,481,0.017875637873230835,0.021532164016452693,0.021532041447531024,0.5,7.622520998840088e-06,0.0,0.5000167170325303,0.07196981483845412,0.09127495854799385,0.14309262473155657,0.07196981483845412,0.01,0.7263904554272919,0.882809240838833,1.9763859518708786,1.752,0.009999464982384531,8.032936707334274e-09,1.0,1.7710277688820497e-12,0.9998932990532617,7.749406844399124e-06,-0.00010670094673831168,0.0,397,0,True,True,True,True,True,True,True,True,True,True,warning_high_slack,,VA_0p25_H_1p00_R_1p10,0.1,0.0,同航向,0.01,0.00025
VA_0p25_H_1p00_R_1p20_U_p0p10,0.25,1.0,1.2,0.3,0.02861631402585279,0.02219810322181742,0.08462379534950892,11.3645,505,0.01907549606519575,0.021233324264713485,0.02127931626302534,0.5,7.188288268353618e-06,0.0,0.5000110975610449,0.06707754817880464,0.09127497532211394,0.12342841232529007,0.06819270481439375,0.01,0.7901149043027307,1.2501377801342917,2.161325552720701,1.6712500000000001,0.009999459724527966,1.3278089852071615e-06,1.0,9.14823772291129e-13,0.9998805144270806,7.101102511933386e-06,-0.0001194855729194119,0.0,439,0,True,True,True,True,True,True,True,True,True,True,warning_high_slack,,VA_0p25_H_1p00_R_1p20,0.1,0.0,同航向,0.01,0.00025
VA_0p30_H_0p30_R_0p90_U_p0p10,0.3,0.3,0.9,0.27,15.343945367123709,5.344404851481789,31.36245944383591,11.27075,389,2.2139007596088223,15.34388325216759,15.323592716481592,0.5,0.004569026834357004,6.711786681989906e-11,0.502509820200082,0.02346504085923568,0.02346504085923568,0.21660479529502413,0.10223561834760161,0.01,1.625733278319952,3.3,1.6687827686647747,5.53825,0.7237085819334036,2.3815885356827503e-06,1.0,1.9961809982760315e-12,0.9996696204669536,0.015078028680082999,-0.0003303795330464027,0.0,389,0,True,True,True,True,True,True,True,False,False,True,rejected_curve_smoothness,,VA_0p30_H_0p30_R_0p90,0.1,0.0,同航向,0.01,0.00025
VA_0p30_H_0p30_R_1p00_U_p0p10,0.3,0.3,1.0,0.3,0.02061597700234567,0.0,0.03754691653279106,3.76725,124,0.0,0.0,6.73796060095339e-05,0.5,2.0436946150042894e-07,0.0,0.5001711193308486,0.08642286832001413,0.08642286832001413,0.22038471319714453,0.09984415578603345,0.01,0.7330118256174672,0.7406316083694349,0.8005623599651134,5.413,0.667024689906037,5.233277602922855e-07,1.0,9.210410212290299e-13,0.9998960337001261,1.6372789558342537e-05,-0.00010396629987385128,0.0,428,0,True,True,True,True,True,True,True,True,True,True,warning_high_slack,,VA_0p30_H_0p30_R_1p00,0.1,0.0,同航向,0.01,0.00025
VA_0p30_H_0p30_R_1p05_U_p0p10,0.3,0.3,1.05,0.315,0.013792666040774157,0.0,0.040129937323531546,3.27775,110,0.0,0.0,6.617423430178077e-05,0.5,2.0255537085775053e-07,0.0,0.5019831354380485,0.08642288043629102,0.08642288043629102,0.21895307719841256,0.09902057468927841,0.01,0.723134421248954,0.687887107913701,0.7929002710723446,5.3955,0.6405032821539519,6.669301456925565e-07,1.0,4.409805853811122e-13,0.9998872956420921,1.7548620366959147e-05,-0.00011270435790787892,0.0,434,0,True,True,True,True,True,True,True,True,True,True,warning_high_slack,,VA_0p30_H_0p30_R_1p05,0.1,0.0,同航向,0.01,0.00025
VA_0p30_H_0p30_R_1p10_U_p0p10,0.3,0.3,1.1,0.33,0.014253586859205481,0.0,0.0430471861716184,3.9295,144,0.0,0.0,6.501970214911627e-05,0.5,2.0066070977134984e-07,0.0,0.5000743852888423,0.08642289063645553,0.08642289063645553,0.2177978771117177,0.09845897982113498,0.01,0.7180301396888039,0.6572041930309975,0.7885574084855798,5.399,0.6275905610112404,7.251103739044225e-07,1.0,2.802647003363745e-12,0.9998746778996492,1.8880081839918488e-05,-0.00012532210035071388,0.0,461,0,True,True,True,True,True,True,True,True,True,True,warning_high_slack,,VA_0p30_H_0p30_R_1p10,0.1,0.0,同航向,0.01,0.00025
VA_0p30_H_0p30_R_1p20_U_p0p10,0.3,0.3,1.2,0.36,0.011750696611418882,0.0,0.04856097821430048,5.019,210,0.0,0.0,6.285377760679698e-05,0.5,1.9674104865490384e-07,0.0,0.5001415275473079,0.08642290587663785,0.08642290587663785,0.17337417395707144,0.09789290883581953,0.01,0.7172669585153394,0.7163462981961808,0.7864650281047288,4.7465,-0.009999457888959893,3.672090584120285e-07,1.0,2.3714363805993344e-13,0.9998735888099547,2.1396735284789018e-05,-0.00012641119004533493,0.0,506,0,True,True,True,True,True,True,True,True,True,True,warning_high_slack,,VA_0p30_H_0p30_R_1p20,0.1,0.0,同航向,0.01,0.00025
VA_0p30_H_0p50_R_0p90_U_p0p10,0.3,0.5,0.9,0.27,0.015739738647406416,0.0,0.04036175576624629,11.06825,390,5.902828802467015e-05,0.0,0.00017252114566485355,0.5,5.254044259104032e-07,0.0,0.5015161865719714,0.08124309953594308,0.09470677012438536,0.12510483588133423,0.08124309953594308,0.01,1.34431204010901,1.043386623792793,1.5710408817291934,1.83,0.009999448482832084,3.012689971033023e-07,1.0,1.9966250874858815e-12,0.9999119791862046,1.8104763071063478e-05,-8.802081379544828e-05,0.0,381,0,True,True,True,True,True,True,True,True,True,True,warning_high_slack,,VA_0p30_H_0p50_R_0p90,0.1,0.0,同航向,0.01,0.00025
VA_0p30_H_0p50_R_1p00_U_p0p10,0.3,0.5,1.0,0.3,0.025884305987361588,0.0,0.04284208385508626,6.48275,244,2.4248051196348947e-05,0.0,0.00016870085766714754,0.5,5.206123872972593e-07,0.0,0.5015062589063973,0.07784242917616384,0.09470677012438536,0.12198210934508845,0.07784242917616384,0.01,1.2443440497914477,1.0873136450022205,1.6254699121089027,1.7175,0.00999945962435071,6.979096541122717e-07,1.0,9.2192919964873e-13,0.9998914241479386,1.901871168028681e-05,-0.0001085758520613243,0.0,425,0,True,True,True,True,True,True,True,True,True,True,warning_high_slack,,VA_0p30_H_0p50_R_1p00,0.1,0.0,同航向,0.01,0.00025
VA_0p30_H_0p50_R_1p05_U_p0p10,0.3,0.5,1.05,0.315,0.025409231455734437,0.0012582871232634588,0.04713084346385118,7.8215,312,0.00033337824015504744,0.0007172281291151013,0.0007626484308578134,0.5,5.165248420495338e-07,0.0,0.5018328462271769,0.0763180804609261,0.09470677012438536,0.12114793449004832,0.0763180804609261,0.01,1.2497808595056894,1.0947086584959358,1.746473253683874,1.6745,0.009999450044306985,6.200777300615846e-07,1.0,4.405364961712621e-13,0.9998950337888212,2.1040771774308786e-05,-0.0001049662111788066,0.0,448,0,True,True,True,True,True,True,True,True,True,True,warning_high_slack,,VA_0p30_H_0p50_R_1p05,0.1,0.0,同航向,0.01,0.00025
VA_0p30_H_0p50_R_1p10_U_p0p10,0.3,0.5,1.1,0.33,0.024591105432994843,0.004486653905914698,0.06383238149368596,10.94325,467,0.002709269302151038,0.0034126519429882526,0.003477338143494269,0.5,2.6936175394922084e-06,0.0,0.5021003241641776,0.06771428140279914,0.09470677012438536,0.11532363586718641,0.06771428140279914,0.01,1.2887943301893936,1.1861022440140974,1.9787889818916216,1.6375,0.009999460087343962,2.680022357826816e-07,1.0,2.8030910925735952e-12,0.9998932987215211,2.9017581394211688e-05,-0.00010670127847890443,0.0,472,0,True,True,True,True,True,True,True,True,True,True,warning_high_slack,,VA_0p30_H_0p50_R_1p10,0.1,0.0,同航向,0.01,0.00025
VA_0p30_H_0p50_R_1p20_U_p0p10,0.3,0.5,1.2,0.36,0.019923842192893018,0.010335740067777335,0.0761022407185438,5.2195,227,0.007416083646944516,0.009390105732818952,0.00942673630762088,0.5,2.4086757533323816e-06,0.0,0.5026594578275165,0.05758076206505965,0.09470677012438536,0.07949419875184598,0.05794020410706406,0.01,1.4695606637501308,2.0062242346486485,2.1876112366875886,1.576,0.009999474881371173,1.2039581869852928e-06,1.0,2.3803181647963356e-13,0.9998845334832043,3.4755020790889594e-05,-0.00011546651679568477,0.0,514,0,True,True,True,True,True,True,True,True,True,True,warning_high_slack,,VA_0p30_H_0p50_R_1p20,0.1,0.0,同航向,0.01,0.00025
VA_0p30_H_1p00_R_0p90_U_p0p10,0.3,1.0,0.9,0.27,0.027930792871952975,0.01792485783215145,0.07102966376572843,3.91875,186,0.014514895504655342,0.016342022578620465,0.016342634683730598,0.5,9.324281397294146e-06,0.0,0.5073235934799925,0.0893055416993642,0.09127495268783761,0.15390378630210355,0.0893055416993642,0.01,1.265063930421855,1.4951352358190473,2.0090531986344966,1.8165,0.009999464264528884,8.249258963391984e-09,1.0,1.9886314817085804e-12,0.9999024002945562,4.797726981943654e-06,-9.759970544375228e-05,0.0,404,0,True,True,True,True,True,True,True,True,True,True,warning_high_slack,,VA_0p30_H_1p00_R_0p90,0.1,0.0,同航向,0.01,0.00025
VA_0p30_H_1p00_R_1p00_U_p0p10,0.3,1.0,1.0,0.3,0.028477721710588738,0.01873050790433998,0.0763288152017726,11.9045,519,0.016130015091442785,0.01781723577641086,0.01781545081728572,0.5,8.877330798076448e-06,0.0,0.5025273168826873,0.07473212376467961,0.0912749728167866,0.14787569831283104,0.07473212376467961,0.01,1.188000936246717,1.4147660215112243,2.207994127155772,1.7195,0.009999459905637003,8.379205499906273e-09,1.0,9.237055564881302e-13,0.9998899007073254,4.927366291461677e-06,-0.00011009929267456239,0.0,430,0,True,True,True,True,True,True,True,True,True,True,warning_high_slack,,VA_0p30_H_1p00_R_1p00,0.1,0.0,同航向,0.01,0.00025
VA_0p30_H_1p00_R_1p05_U_p0p10,0.3,1.0,1.05,0.315,0.025969003245251303,0.01969926999817568,0.08394425844776242,11.91375,565,0.01715741849915928,0.019081441297032965,0.019117036566162024,0.5,8.590415126271192e-06,0.0,0.5004246932360661,0.0702723811452693,0.09127498288126636,0.14408696886357505,0.0702723811452693,0.01,1.180403382308067,1.426615178928658,2.3383986149451528,1.673,0.009999465858158548,8.282084476895386e-09,1.0,4.347633364432113e-13,0.9998749559822705,6.301958306117767e-06,-0.00012504401772950614,0.0,476,0,True,True,True,True,True,True,True,True,True,True,warning_high_slack,,VA_0p30_H_1p00_R_1p05,0.1,0.0,同航向,0.01,0.00025
VA_0p30_H_1p00_R_1p10_U_p0p10,0.3,1.0,1.1,0.33,0.030277409699625026,0.020895903884404897,0.0878505009058205,11.7025,551,0.018089619618760336,0.021219931670784162,0.021209576897506216,0.5,8.263258456823325e-06,0.0,0.501081470806818,0.06753251203802223,0.09127499294573789,0.1430412850297179,0.06753251203802223,0.01,1.19435609128042,1.4676726974713528,2.4903523938625307,1.62575,0.009999455712342094,8.216699042811558e-09,1.0,2.8030910925735952e-12,0.9998656329809699,1.0750054129523652e-05,-0.00013436701903015612,0.0,471,0,True,True,True,True,True,True,True,True,True,True,warning_high_slack,,VA_0p30_H_1p00_R_1p10,0.1,0.0,同航向,0.01,0.00025
VA_0p30_H_1p00_R_1p20_U_p0p10,0.3,1.0,1.2,0.36,0.028931815739472806,0.019073487626443935,0.08919240353031065,9.59525,485,0.014686652965933761,0.018072712720650575,0.01811435957899401,0.5,7.5686308167871585e-06,0.0,0.5016581775405717,0.06783465055512215,0.09127501307470151,0.12997529215399928,0.06934204567624927,0.01,1.4642803432499791,2.034253372992594,2.4338747996859875,1.5305,0.009999464198356891,1.1691508469311388e-06,1.0,2.362554596402333e-13,0.999866303973204,1.4960497670912706e-05,-0.00013369602679599586,0.0,509,0,True,True,True,True,True,True,True,True,True,True,warning_high_slack,,VA_0p30_H_1p00_R_1p20,0.1,0.0,同航向,0.01,0.00025
