category,metric,value
final,v_A,0.2
final,h_A,0.5
final,v_out_ratio,1.0
final,v_out,0.2
final,peak_tail_tension,0.006978652491305033
final,tail_tension_p95,0.001102122823240466
final,peak_active_tension,0.00869132820281584
final,peak_tension_time,2.74025
final,peak_tension_segment_index,81
final,steady_tail_tension_mean,0.001042195544991205
final,filtered_peak_tail_tension,0.0016379260989461796
final,filtered_peak_active_tension,0.0017086950272276241
final,tension_filter_window_s,0.1
final,max_filtered_tension_step_N,2.8994079348993265e-05
final,max_insertion_tension_jump_N,0.0
final,minimum_inserted_rest_length_ratio,0.5023660266458442
final,min_bend_radius,0.04582351612443784
final,min_bend_radius_outlet,0.04582351612443784
final,min_bend_radius_tdp,0.06578333397114347
final,min_bend_radius_free,0.04910303705935558
final,low_load_bend_radius_reference,0.0052
final,mean_layback,1.268716555473181
final,final_layback,1.5199997699539916
final,mean_suspended_length,1.5712783493383573
final,first_land_time,2.11075
final,first_land_x,-0.009999500325274914
final,max_penetration,0.0
final,max_slack_ratio,1.0
final,max_length_conservation_error,5.873079800267078e-13
final,min_standard_segment_ratio,0.999876889179264
final,max_axial_strain,4.164395730366811e-06
final,min_axial_strain,-0.00012311082073602808
final,max_outlet_direction_error_deg,0.0
final,insertion_event_count,181
final,remesh_event_count,0
final,tension_safe,True
final,break_safe,True
final,bend_safe,True
final,penetration_safe,True
final,mesh_safe,True
final,insertion_rest_length_safe,True
final,insertion_smooth,True
final,reported_curve_smooth,True
final,curve_smooth,True
final,numerically_converged,True
